row_id,class_id,label,frame_index,left_detected,right_detected,detected_hands,raw_handedness
0,0,A,77,1,1,2,"[('right', 0.9978259205818176), ('left', 0.9984071254730225)]"
1,0,A,78,1,1,2,"[('right', 0.99763023853302), ('left', 0.9982012510299683)]"
2,0,A,79,1,1,2,"[('right', 0.9974641799926758), ('left', 0.9981475472450256)]"
3,0,A,80,1,1,2,"[('right', 0.9977797269821167), ('left', 0.998688817024231)]"
4,0,A,81,1,1,2,"[('right', 0.9971415400505066), ('left', 0.9980636835098267)]"
5,0,A,82,1,1,2,"[('right', 0.9967092871665955), ('left', 0.998068630695343)]"
6,0,A,83,1,1,2,"[('right', 0.9970123767852783), ('left', 0.9983383417129517)]"
7,0,A,84,1,1,2,"[('right', 0.9973215460777283), ('left', 0.9982388019561768)]"
8,0,A,85,1,1,2,"[('right', 0.9972405433654785), ('left', 0.9981457591056824)]"
9,0,A,86,1,1,2,"[('right', 0.9970945119857788), ('left', 0.9984696507453918)]"
10,0,A,87,1,1,2,"[('right', 0.9971121549606323), ('left', 0.9978659749031067)]"
11,0,A,88,1,1,2,"[('right', 0.9970345497131348), ('left', 0.9977514743804932)]"
12,0,A,89,1,1,2,"[('right', 0.9968293309211731), ('left', 0.9980224967002869)]"
13,0,A,90,1,1,2,"[('right', 0.9967726469039917), ('left', 0.997818648815155)]"
14,0,A,91,1,1,2,"[('right', 0.997066855430603), ('left', 0.9982200264930725)]"
15,0,A,92,1,1,2,"[('right', 0.9974055886268616), ('left', 0.9979846477508545)]"
16,0,A,93,1,1,2,"[('right', 0.9972373843193054), ('left', 0.998232364654541)]"
17,0,A,94,1,1,2,"[('right', 0.9970840811729431), ('left', 0.9977998733520508)]"
18,1,B,246,1,1,2,"[('right', 0.9964480400085449), ('left', 0.8699079751968384)]"
19,1,B,247,1,1,2,"[('left', 0.9457084536552429), ('right', 0.9968161582946777)]"
20,1,B,248,1,1,2,"[('left', 0.963202714920044), ('right', 0.9971573352813721)]"
21,1,B,249,1,1,2,"[('right', 0.9963284730911255), ('left', 0.9518835544586182)]"
22,1,B,250,1,1,2,"[('right', 0.9950989484786987), ('left', 0.9580520391464233)]"
23,1,B,251,1,1,2,"[('right', 0.9945120811462402), ('left', 0.9269381761550903)]"
24,1,B,252,1,1,2,"[('right', 0.994027853012085), ('left', 0.9546339511871338)]"
25,1,B,253,1,1,2,"[('right', 0.9944406747817993), ('left', 0.9525673985481262)]"
26,1,B,254,1,1,2,"[('right', 0.9958314895629883), ('left', 0.9598479270935059)]"
27,1,B,255,1,1,2,"[('right', 0.9953764081001282), ('left', 0.9620763063430786)]"
28,1,B,256,1,1,2,"[('right', 0.9951695799827576), ('left', 0.9663752317428589)]"
29,1,B,257,1,1,2,"[('right', 0.9946553707122803), ('left', 0.9331147074699402)]"
30,1,B,258,1,1,2,"[('right', 0.9956696033477783), ('left', 0.9169882535934448)]"
31,1,B,259,1,1,2,"[('right', 0.9955295324325562), ('left', 0.9656668901443481)]"
32,1,B,260,1,1,2,"[('right', 0.9958512783050537), ('left', 0.9599425196647644)]"
33,1,B,261,1,1,2,"[('right', 0.9962064027786255), ('left', 0.9200047850608826)]"
34,1,B,262,1,1,2,"[('right', 0.9956584572792053), ('left', 0.8936149477958679)]"
35,1,B,263,1,1,2,"[('right', 0.9958586096763611), ('left', 0.8769639730453491)]"
36,2,C,379,1,0,1,"[('left', 0.9914803504943848)]"
37,2,C,380,1,0,1,"[('left', 0.9887397885322571)]"
38,2,C,381,1,0,1,"[('left', 0.9881256222724915)]"
39,2,C,382,1,0,1,"[('left', 0.9905651807785034)]"
40,2,C,383,1,0,1,"[('left', 0.9920377135276794)]"
41,2,C,384,1,0,1,"[('left', 0.9903560280799866)]"
42,2,C,385,1,0,1,"[('left', 0.9929004907608032)]"
43,2,C,386,1,0,1,"[('left', 0.993425190448761)]"
44,2,C,387,1,0,1,"[('left', 0.9957123398780823)]"
45,2,C,388,1,0,1,"[('left', 0.9972782135009766)]"
46,2,C,389,1,0,1,"[('left', 0.9973040819168091)]"
47,2,C,390,1,0,1,"[('left', 0.9968062043190002)]"
48,2,C,391,1,0,1,"[('left', 0.9967637062072754)]"
49,2,C,392,1,0,1,"[('left', 0.998047411441803)]"
50,2,C,393,1,0,1,"[('left', 0.9974265098571777)]"
51,2,C,394,1,0,1,"[('left', 0.9962689280509949)]"
52,2,C,395,1,0,1,"[('left', 0.9965835213661194)]"
53,2,C,396,1,0,1,"[('left', 0.9954534769058228)]"
54,3,D,610,1,1,2,"[('left', 0.9957892894744873), ('right', 0.9974286556243896)]"
55,3,D,611,1,1,2,"[('left', 0.9958614706993103), ('right', 0.9968732595443726)]"
56,3,D,612,1,1,2,"[('left', 0.9963416457176208), ('right', 0.9968774318695068)]"
57,3,D,613,1,1,2,"[('left', 0.9961060285568237), ('right', 0.9968270063400269)]"
58,3,D,614,1,1,2,"[('left', 0.9958184957504272), ('right', 0.9965931177139282)]"
59,3,D,615,1,1,2,"[('left', 0.9958697557449341), ('right', 0.9961666464805603)]"
60,3,D,616,1,1,2,"[('left', 0.9953597187995911), ('right', 0.9961772561073303)]"
61,3,D,617,1,1,2,"[('left', 0.9951489567756653), ('right', 0.9968905448913574)]"
62,3,D,618,1,1,2,"[('left', 0.9954735636711121), ('right', 0.9969912767410278)]"
63,3,D,619,1,1,2,"[('left', 0.9956353902816772), ('right', 0.9968469142913818)]"
64,3,D,620,1,1,2,"[('left', 0.9962796568870544), ('right', 0.9970744252204895)]"
65,3,D,621,1,1,2,"[('left', 0.9961280822753906), ('right', 0.9974320530891418)]"
66,3,D,622,1,1,2,"[('left', 0.9953628182411194), ('right', 0.9969830513000488)]"
67,3,D,623,1,1,2,"[('left', 0.9960545301437378), ('right', 0.9970023036003113)]"
68,3,D,624,1,1,2,"[('left', 0.9955043196678162), ('right', 0.9967993497848511)]"
69,3,D,625,1,1,2,"[('left', 0.9951974749565125), ('right', 0.996816873550415)]"
70,3,D,626,1,1,2,"[('left', 0.9955843091011047), ('right', 0.9972107410430908)]"
71,3,D,627,1,1,2,"[('left', 0.995536208152771), ('right', 0.9975047707557678)]"
72,4,E,760,1,1,2,"[('right', 0.9932114481925964), ('left', 0.9944461584091187)]"
73,4,E,761,1,1,2,"[('right', 0.9932603240013123), ('left', 0.9931762218475342)]"
74,4,E,762,1,1,2,"[('right', 0.9930939674377441), ('left', 0.9914687275886536)]"
75,4,E,763,1,1,2,"[('right', 0.9927463531494141), ('left', 0.9942601323127747)]"
76,4,E,764,1,1,2,"[('right', 0.9935821294784546), ('left', 0.9954432845115662)]"
77,4,E,765,1,1,2,"[('right', 0.9931935667991638), ('left', 0.9960775971412659)]"
78,4,E,766,1,1,2,"[('right', 0.9942362308502197), ('left', 0.9921651482582092)]"
79,4,E,767,1,1,2,"[('right', 0.9944893717765808), ('left', 0.9958776235580444)]"
80,4,E,768,1,1,2,"[('right', 0.9944552779197693), ('left', 0.9933133125305176)]"
81,4,E,769,1,1,2,"[('right', 0.9937084913253784), ('left', 0.9945223927497864)]"
82,4,E,770,1,1,2,"[('right', 0.9948903918266296), ('left', 0.9927260875701904)]"
83,4,E,771,1,1,2,"[('right', 0.9952892661094666), ('left', 0.9939091205596924)]"
84,4,E,772,1,1,2,"[('right', 0.9958759546279907), ('left', 0.9946211576461792)]"
85,4,E,773,1,1,2,"[('right', 0.9966326951980591), ('left', 0.9949948787689209)]"
86,4,E,774,1,1,2,"[('right', 0.9960620999336243), ('left', 0.9958493709564209)]"
87,4,E,775,1,1,2,"[('right', 0.995665431022644), ('left', 0.9943247437477112)]"
88,4,E,776,1,1,2,"[('right', 0.995857298374176), ('left', 0.9931447505950928)]"
89,4,E,777,1,1,2,"[('right', 0.9953670501708984), ('left', 0.9943249821662903)]"
90,5,F,930,1,1,2,"[('left', 0.9971016645431519), ('right', 0.9940041899681091)]"
91,5,F,931,1,1,2,"[('left', 0.9978746175765991), ('right', 0.9946879148483276)]"
92,5,F,932,1,1,2,"[('left', 0.9979480504989624), ('right', 0.9936494827270508)]"
93,5,F,933,1,1,2,"[('left', 0.997920036315918), ('right', 0.9947360157966614)]"
94,5,F,934,1,1,2,"[('left', 0.9979550242424011), ('right', 0.9952555894851685)]"
95,5,F,935,1,1,2,"[('left', 0.9980993270874023), ('right', 0.9954870939254761)]"
96,5,F,936,1,1,2,"[('left', 0.997402012348175), ('right', 0.9954938292503357)]"
97,5,F,937,1,1,2,"[('left', 0.9976562857627869), ('right', 0.9954031109809875)]"
98,5,F,938,1,1,2,"[('left', 0.9972643852233887), ('right', 0.9959972500801086)]"
99,5,F,939,1,1,2,"[('left', 0.9968568086624146), ('right', 0.9961972832679749)]"
100,5,F,940,1,1,2,"[('left', 0.9962831735610962), ('right', 0.9953452944755554)]"
101,5,F,941,1,1,2,"[('left', 0.9969174861907959), ('right', 0.9940012693405151)]"
102,5,F,942,1,1,2,"[('left', 0.9971503019332886), ('right', 0.994317889213562)]"
103,5,F,943,1,1,2,"[('left', 0.9964902997016907), ('right', 0.9943066835403442)]"
104,5,F,944,1,1,2,"[('left', 0.9949295520782471), ('right', 0.9941673874855042)]"
105,5,F,945,1,1,2,"[('left', 0.9949172139167786), ('right', 0.9931864738464355)]"
106,5,F,946,1,1,2,"[('left', 0.9937025904655457), ('right', 0.9931475520133972)]"
107,5,F,947,1,1,2,"[('left', 0.9938535690307617), ('right', 0.9937254190444946)]"
108,6,G,1049,1,1,2,"[('left', 0.9135425090789795), ('right', 0.9058427214622498)]"
109,6,G,1050,1,1,2,"[('left', 0.9372386932373047), ('right', 0.8898453712463379)]"
110,6,G,1051,1,1,2,"[('left', 0.950459897518158), ('right', 0.8539023399353027)]"
111,6,G,1052,1,1,2,"[('left', 0.9461157917976379), ('right', 0.8514780402183533)]"
112,6,G,1053,1,1,2,"[('left', 0.9749147891998291), ('right', 0.8598507642745972)]"
113,6,G,1054,1,1,2,"[('left', 0.9758725762367249), ('right', 0.8401142358779907)]"
114,6,G,1055,1,1,2,"[('left', 0.9831885695457458), ('right', 0.8494734764099121)]"
115,6,G,1056,1,1,2,"[('left', 0.9778282642364502), ('right', 0.8586553335189819)]"
116,6,G,1057,1,1,2,"[('left', 0.9735935926437378), ('right', 0.849662184715271)]"
117,6,G,1058,1,1,2,"[('left', 0.9839610457420349), ('right', 0.9046664834022522)]"
118,6,G,1059,1,1,2,"[('left', 0.9947484135627747), ('right', 0.976054847240448)]"
119,6,G,1060,1,1,2,"[('left', 0.9942848682403564), ('right', 0.9790428876876831)]"
120,6,G,1061,1,1,2,"[('left', 0.9956583976745605), ('right', 0.9937885403633118)]"
121,6,G,1062,1,1,2,"[('left', 0.9976512789726257), ('right', 0.9935049414634705)]"
122,6,G,1063,1,1,2,"[('left', 0.9976534843444824), ('right', 0.9956933259963989)]"
123,6,G,1064,1,1,2,"[('left', 0.9975001811981201), ('right', 0.9970406293869019)]"
124,6,G,1065,1,1,2,"[('right', 0.9972758889198303), ('left', 0.9972952604293823)]"
125,6,G,1066,1,1,2,"[('left', 0.9971811771392822), ('right', 0.9959376454353333)]"
126,7,H,1276,1,1,2,"[('right', 0.9981094598770142), ('left', 0.9883307218551636)]"
127,7,H,1277,1,1,2,"[('right', 0.9983140826225281), ('left', 0.9879019856452942)]"
128,7,H,1278,1,1,2,"[('right', 0.9970980286598206), ('left', 0.9889941215515137)]"
129,7,H,1279,1,1,2,"[('right', 0.9977596998214722), ('left', 0.9880948066711426)]"
130,7,H,1280,1,1,2,"[('right', 0.9973652958869934), ('left', 0.9894781708717346)]"
131,7,H,1281,1,1,2,"[('right', 0.9974050521850586), ('left', 0.9884440898895264)]"
132,7,H,1282,1,1,2,"[('right', 0.9975224733352661), ('left', 0.9892451167106628)]"
133,7,H,1283,1,1,2,"[('right', 0.9975873827934265), ('left', 0.9885997176170349)]"
134,7,H,1284,1,1,2,"[('right', 0.997227132320404), ('left', 0.9878949522972107)]"
135,7,H,1285,1,1,2,"[('right', 0.9970594048500061), ('left', 0.9876735210418701)]"
136,7,H,1286,1,1,2,"[('right', 0.9969661831855774), ('left', 0.9857431650161743)]"
137,7,H,1287,1,1,2,"[('right', 0.9974050521850586), ('left', 0.9846721887588501)]"
138,7,H,1288,1,1,2,"[('right', 0.9973350763320923), ('left', 0.9848354458808899)]"
139,7,H,1289,1,1,2,"[('right', 0.9978742003440857), ('left', 0.9868991374969482)]"
140,7,H,1290,1,1,2,"[('right', 0.9980237483978271), ('left', 0.9887788891792297)]"
141,7,H,1291,1,1,2,"[('right', 0.9980803728103638), ('left', 0.9898694157600403)]"
142,7,H,1292,1,1,2,"[('right', 0.9980562925338745), ('left', 0.9903567433357239)]"
143,7,H,1293,1,1,2,"[('right', 0.9978033900260925), ('left', 0.9900587201118469)]"
144,8,I,1397,1,0,1,"[('left', 0.9914683699607849)]"
145,8,I,1398,1,0,1,"[('left', 0.9916543960571289)]"
146,8,I,1399,1,0,1,"[('left', 0.9927019476890564)]"
147,8,I,1400,1,0,1,"[('left', 0.9935618042945862)]"
148,8,I,1401,1,0,1,"[('left', 0.9942864179611206)]"
149,8,I,1402,1,0,1,"[('left', 0.9933066368103027)]"
150,8,I,1403,1,0,1,"[('left', 0.9943654537200928)]"
151,8,I,1404,1,0,1,"[('left', 0.9951372742652893)]"
152,8,I,1405,1,0,1,"[('left', 0.9950352311134338)]"
153,8,I,1406,1,0,1,"[('left', 0.9935885667800903)]"
154,8,I,1407,1,0,1,"[('left', 0.9934855103492737)]"
155,8,I,1408,1,0,1,"[('left', 0.9930815100669861)]"
156,8,I,1409,1,0,1,"[('left', 0.9934515953063965)]"
157,8,I,1410,1,0,1,"[('left', 0.9943028688430786)]"
158,8,I,1411,1,0,1,"[('left', 0.9937114715576172)]"
159,8,I,1412,1,0,1,"[('left', 0.9941475987434387)]"
160,8,I,1413,1,0,1,"[('left', 0.9930508136749268)]"
161,8,I,1414,1,0,1,"[('left', 0.9926692843437195)]"
162,9,J,1612,1,0,1,"[('left', 0.9776451587677002)]"
163,9,J,1613,1,0,1,"[('left', 0.9490298628807068)]"
164,9,J,1614,1,0,1,"[('left', 0.9764277935028076)]"
165,9,J,1615,1,0,1,"[('left', 0.9718356132507324)]"
166,9,J,1616,1,0,1,"[('left', 0.9831178188323975)]"
167,9,J,1617,1,0,1,"[('left', 0.9851793050765991)]"
168,9,J,1618,1,0,1,"[('left', 0.9802772998809814)]"
169,9,J,1619,1,0,1,"[('left', 0.9796350002288818)]"
170,9,J,1620,1,0,1,"[('left', 0.9802185893058777)]"
171,9,J,1621,1,0,1,"[('left', 0.9794387221336365)]"
172,9,J,1622,1,0,1,"[('left', 0.9797492623329163)]"
173,9,J,1623,1,0,1,"[('left', 0.9821147322654724)]"
174,9,J,1624,1,0,1,"[('left', 0.9814422130584717)]"
175,9,J,1625,1,0,1,"[('left', 0.9847233295440674)]"
176,9,J,1626,1,0,1,"[('left', 0.9781017899513245)]"
177,9,J,1627,1,0,1,"[('left', 0.9829453825950623)]"
178,9,J,1628,1,0,1,"[('left', 0.9838193655014038)]"
179,9,J,1629,1,0,1,"[('left', 0.9825518131256104)]"
180,10,K,1779,1,0,1,"[('left', 0.9922624230384827)]"
181,10,K,1780,1,0,1,"[('left', 0.9912130832672119)]"
182,10,K,1781,1,0,1,"[('left', 0.9893928170204163)]"
183,10,K,1782,1,0,1,"[('left', 0.9869142770767212)]"
184,10,K,1783,1,0,1,"[('left', 0.9860790967941284)]"
185,10,K,1784,1,0,1,"[('left', 0.9890490770339966)]"
186,10,K,1785,1,0,1,"[('left', 0.9897608160972595)]"
187,10,K,1786,1,0,1,"[('left', 0.9905789494514465)]"
188,10,K,1787,1,0,1,"[('left', 0.993272602558136)]"
189,10,K,1788,1,0,1,"[('left', 0.9933449029922485)]"
190,10,K,1789,1,0,1,"[('left', 0.9939272999763489)]"
191,10,K,1790,1,0,1,"[('left', 0.9935147166252136)]"
192,10,K,1791,1,0,1,"[('left', 0.9920109510421753)]"
193,10,K,1792,1,0,1,"[('left', 0.991256594657898)]"
194,10,K,1793,1,0,1,"[('left', 0.990669846534729)]"
195,10,K,1794,1,0,1,"[('left', 0.9908125400543213)]"
196,10,K,1795,1,0,1,"[('left', 0.9904517531394958)]"
197,10,K,1796,1,0,1,"[('left', 0.9906511902809143)]"
198,11,L,1898,1,0,1,"[('left', 0.9875353574752808)]"
199,11,L,1899,1,0,1,"[('left', 0.9869599342346191)]"
200,11,L,1900,1,0,1,"[('left', 0.9872780442237854)]"
201,11,L,1901,1,0,1,"[('left', 0.9895636439323425)]"
202,11,L,1902,1,0,1,"[('left', 0.989475667476654)]"
203,11,L,1903,1,0,1,"[('left', 0.9908724427223206)]"
204,11,L,1904,1,0,1,"[('left', 0.990727961063385)]"
205,11,L,1905,1,0,1,"[('left', 0.9903520345687866)]"
206,11,L,1906,1,0,1,"[('left', 0.9914234280586243)]"
207,11,L,1907,1,0,1,"[('left', 0.9908021688461304)]"
208,11,L,1908,1,0,1,"[('left', 0.9912499189376831)]"
209,11,L,1909,1,0,1,"[('left', 0.9906182289123535)]"
210,11,L,1910,1,0,1,"[('left', 0.9917030930519104)]"
211,11,L,1911,1,0,1,"[('left', 0.9923971891403198)]"
212,11,L,1912,1,0,1,"[('left', 0.9935988783836365)]"
213,11,L,1913,1,0,1,"[('left', 0.9936309456825256)]"
214,11,L,1914,1,0,1,"[('left', 0.9928202629089355)]"
215,11,L,1915,1,0,1,"[('left', 0.9897428750991821)]"
216,12,M,2083,1,1,2,"[('left', 0.9949969053268433), ('right', 0.9795582294464111)]"
217,12,M,2084,1,1,2,"[('left', 0.9922265410423279), ('right', 0.979117214679718)]"
218,12,M,2085,1,1,2,"[('left', 0.9953562617301941), ('right', 0.9777054786682129)]"
219,12,M,2086,1,1,2,"[('left', 0.9961084723472595), ('right', 0.9787106513977051)]"
220,12,M,2087,1,1,2,"[('left', 0.9967420697212219), ('right', 0.9772858619689941)]"
221,12,M,2088,1,1,2,"[('left', 0.9967243671417236), ('right', 0.9761361479759216)]"
222,12,M,2089,1,1,2,"[('left', 0.9965569972991943), ('right', 0.9763501882553101)]"
223,12,M,2090,1,1,2,"[('left', 0.9958329200744629), ('right', 0.9768860340118408)]"
224,12,M,2091,1,1,2,"[('left', 0.9952951073646545), ('right', 0.9806838631629944)]"
225,12,M,2092,1,1,2,"[('left', 0.9958963990211487), ('right', 0.9805631637573242)]"
226,12,M,2093,1,1,2,"[('left', 0.9953880906105042), ('right', 0.9811333417892456)]"
227,12,M,2094,1,1,2,"[('left', 0.995728611946106), ('right', 0.9812623858451843)]"
228,12,M,2095,1,1,2,"[('left', 0.9943053722381592), ('right', 0.9827436208724976)]"
229,12,M,2096,1,1,2,"[('left', 0.9928170442581177), ('right', 0.9834163784980774)]"
230,12,M,2097,1,1,2,"[('left', 0.9963147640228271), ('right', 0.9822822213172913)]"
231,12,M,2098,1,1,2,"[('left', 0.9899062514305115), ('right', 0.9805721044540405)]"
232,12,M,2099,1,1,2,"[('left', 0.9747127294540405), ('right', 0.9774696230888367)]"
233,12,M,2100,1,1,2,"[('left', 0.9590846300125122), ('right', 0.9799166321754456)]"
234,13,N,2252,1,1,2,"[('left', 0.9684101343154907), ('right', 0.9193037152290344)]"
235,13,N,2253,1,1,2,"[('left', 0.9751300811767578), ('right', 0.9142628312110901)]"
236,13,N,2254,1,1,2,"[('left', 0.9712799787521362), ('right', 0.9563670754432678)]"
237,13,N,2255,1,1,2,"[('left', 0.9775610566139221), ('right', 0.9573465585708618)]"
238,13,N,2256,1,1,2,"[('left', 0.9784916043281555), ('right', 0.9651054739952087)]"
239,13,N,2257,1,1,2,"[('left', 0.967861533164978), ('right', 0.959548830986023)]"
240,13,N,2258,1,1,2,"[('left', 0.9631338119506836), ('right', 0.9605194926261902)]"
241,13,N,2259,1,1,2,"[('left', 0.964867353439331), ('right', 0.9628089070320129)]"
242,13,N,2260,1,1,2,"[('left', 0.9640786647796631), ('right', 0.9676867723464966)]"
243,13,N,2261,1,1,2,"[('left', 0.9616732597351074), ('right', 0.9681177735328674)]"
244,13,N,2262,1,1,2,"[('left', 0.9696672558784485), ('right', 0.9598693251609802)]"
245,13,N,2263,1,1,2,"[('left', 0.9644842147827148), ('right', 0.9652401804924011)]"
246,13,N,2264,1,1,2,"[('left', 0.9702146649360657), ('right', 0.9605887532234192)]"
247,13,N,2265,1,1,2,"[('left', 0.9597461223602295), ('right', 0.9490095376968384)]"
248,13,N,2266,1,1,2,"[('left', 0.9657166004180908), ('right', 0.9605891108512878)]"
249,13,N,2267,1,1,2,"[('left', 0.9712949991226196), ('right', 0.9612535238265991)]"
250,13,N,2268,1,1,2,"[('left', 0.9697545170783997), ('right', 0.946747899055481)]"
251,13,N,2269,1,1,2,"[('left', 0.9627247452735901), ('right', 0.9486892819404602)]"
252,14,O,2398,1,0,1,"[('left', 0.9852086305618286)]"
253,14,O,2399,1,0,1,"[('left', 0.9866719841957092)]"
254,14,O,2400,1,0,1,"[('left', 0.9891035556793213)]"
255,14,O,2401,1,0,1,"[('left', 0.9877025485038757)]"
256,14,O,2402,1,0,1,"[('left', 0.986718475818634)]"
257,14,O,2403,1,0,1,"[('left', 0.9877676963806152)]"
258,14,O,2404,1,0,1,"[('left', 0.9881379008293152)]"
259,14,O,2405,1,0,1,"[('left', 0.9886116981506348)]"
260,14,O,2406,1,0,1,"[('left', 0.9882006049156189)]"
261,14,O,2407,1,0,1,"[('left', 0.9883327484130859)]"
262,14,O,2408,1,0,1,"[('left', 0.9884951114654541)]"
263,14,O,2409,1,0,1,"[('left', 0.9888147711753845)]"
264,14,O,2410,1,0,1,"[('left', 0.9864656329154968)]"
265,14,O,2411,1,0,1,"[('left', 0.9876835346221924)]"
266,14,O,2412,1,0,1,"[('left', 0.9883139133453369)]"
267,14,O,2413,1,0,1,"[('left', 0.9894365072250366)]"
268,14,O,2414,1,0,1,"[('left', 0.988900363445282)]"
269,14,O,2415,1,0,1,"[('left', 0.9900045394897461)]"
270,15,P,2564,1,1,2,"[('right', 0.994500994682312), ('left', 0.995468020439148)]"
271,15,P,2565,1,1,2,"[('right', 0.994692862033844), ('left', 0.9902601838111877)]"
272,15,P,2566,1,1,2,"[('right', 0.9938547611236572), ('left', 0.9920625686645508)]"
273,15,P,2567,1,1,2,"[('right', 0.9934500455856323), ('left', 0.9900397658348083)]"
274,15,P,2568,1,1,2,"[('right', 0.992455005645752), ('left', 0.9911024570465088)]"
275,15,P,2569,1,1,2,"[('right', 0.9929832816123962), ('left', 0.9925678372383118)]"
276,15,P,2570,1,1,2,"[('right', 0.9935895204544067), ('left', 0.9889129996299744)]"
277,15,P,2571,1,1,2,"[('right', 0.9937639832496643), ('left', 0.9910398721694946)]"
278,15,P,2572,1,1,2,"[('right', 0.993959903717041), ('left', 0.9923366904258728)]"
279,15,P,2573,1,1,2,"[('right', 0.9932503700256348), ('left', 0.9913788437843323)]"
280,15,P,2574,1,1,2,"[('right', 0.9936159253120422), ('left', 0.9944923520088196)]"
281,15,P,2575,1,1,2,"[('right', 0.9935144782066345), ('left', 0.9944040179252625)]"
282,15,P,2576,1,1,2,"[('right', 0.9935200810432434), ('left', 0.9969756007194519)]"
283,15,P,2577,1,1,2,"[('right', 0.9931987524032593), ('left', 0.9974824786186218)]"
284,15,P,2578,1,1,2,"[('right', 0.9935982823371887), ('left', 0.9980959892272949)]"
285,15,P,2579,1,1,2,"[('right', 0.995003879070282), ('left', 0.9973506331443787)]"
286,15,P,2580,1,1,2,"[('right', 0.9935051798820496), ('left', 0.9973518252372742)]"
287,15,P,2581,1,1,2,"[('right', 0.992168664932251), ('left', 0.9964429140090942)]"
288,16,Q,2764,1,1,2,"[('right', 0.9919273853302002), ('left', 0.99904865026474)]"
289,16,Q,2765,1,1,2,"[('right', 0.9893395900726318), ('left', 0.9993026852607727)]"
290,16,Q,2766,1,1,2,"[('right', 0.9891210198402405), ('left', 0.9990984797477722)]"
291,16,Q,2767,1,1,2,"[('right', 0.9897755980491638), ('left', 0.9991083145141602)]"
292,16,Q,2768,1,1,2,"[('right', 0.9895597100257874), ('left', 0.9991048574447632)]"
293,16,Q,2769,1,1,2,"[('right', 0.9873853325843811), ('left', 0.9991002082824707)]"
294,16,Q,2770,1,1,2,"[('right', 0.9914101362228394), ('left', 0.9990804195404053)]"
295,16,Q,2771,1,1,2,"[('right', 0.988358736038208), ('left', 0.9991235733032227)]"
296,16,Q,2772,1,1,2,"[('right', 0.9896049499511719), ('left', 0.9995105862617493)]"
297,16,Q,2773,1,1,2,"[('right', 0.9904220104217529), ('left', 0.9993041157722473)]"
298,16,Q,2774,1,1,2,"[('right', 0.9898831248283386), ('left', 0.9993780255317688)]"
299,16,Q,2775,1,1,2,"[('right', 0.9896364212036133), ('left', 0.9992634057998657)]"
300,16,Q,2776,1,1,2,"[('right', 0.9895605444908142), ('left', 0.9990912079811096)]"
301,16,Q,2777,1,1,2,"[('right', 0.9899522066116333), ('left', 0.9990541338920593)]"
302,16,Q,2778,1,1,2,"[('right', 0.9900665283203125), ('left', 0.9987120032310486)]"
303,16,Q,2779,1,1,2,"[('right', 0.9896617531776428), ('left', 0.9990620613098145)]"
304,16,Q,2780,1,1,2,"[('right', 0.989335834980011), ('left', 0.9992552995681763)]"
305,16,Q,2781,1,1,2,"[('right', 0.9893192052841187), ('left', 0.9990070462226868)]"
306,17,R,2891,1,0,1,"[('left', 0.9785228371620178)]"
307,17,R,2892,1,0,1,"[('left', 0.9748110175132751)]"
308,17,R,2893,1,0,1,"[('left', 0.9738463759422302)]"
309,17,R,2894,1,0,1,"[('left', 0.9912006855010986)]"
310,17,R,2895,1,0,1,"[('left', 0.9967272877693176)]"
311,17,R,2896,1,0,1,"[('left', 0.9985174536705017)]"
312,17,R,2897,1,0,1,"[('left', 0.9985859990119934)]"
313,17,R,2898,1,0,1,"[('left', 0.9993219971656799)]"
314,17,R,2899,1,0,1,"[('left', 0.999303936958313)]"
315,17,R,2900,1,0,1,"[('left', 0.9990740418434143)]"
316,17,R,2901,1,0,1,"[('left', 0.9988538026809692)]"
317,17,R,2902,1,0,1,"[('left', 0.9987440705299377)]"
318,17,R,2903,1,0,1,"[('left', 0.9986492991447449)]"
319,17,R,2904,1,0,1,"[('left', 0.9986096620559692)]"
320,17,R,2905,1,0,1,"[('left', 0.9980691075325012)]"
321,17,R,2906,1,0,1,"[('left', 0.9974750280380249)]"
322,17,R,2907,1,0,1,"[('left', 0.997434139251709)]"
323,17,R,2908,1,0,1,"[('left', 0.9970681667327881)]"
324,18,S,3082,1,1,2,"[('right', 0.9987092018127441), ('left', 0.9929997324943542)]"
325,18,S,3083,1,1,2,"[('right', 0.9986485838890076), ('left', 0.9936891794204712)]"
326,18,S,3084,1,1,2,"[('right', 0.9987161755561829), ('left', 0.9910472631454468)]"
327,18,S,3085,1,1,2,"[('right', 0.9988033771514893), ('left', 0.9936971068382263)]"
328,18,S,3086,1,1,2,"[('right', 0.9989914894104004), ('left', 0.9918826818466187)]"
329,18,S,3087,1,1,2,"[('right', 0.9990575313568115), ('left', 0.9924359917640686)]"
330,18,S,3088,1,1,2,"[('right', 0.9990165829658508), ('left', 0.9947425723075867)]"
331,18,S,3089,1,1,2,"[('right', 0.9989668130874634), ('left', 0.9938855767250061)]"
332,18,S,3090,1,1,2,"[('right', 0.9988356232643127), ('left', 0.9920853972434998)]"
333,18,S,3091,1,1,2,"[('right', 0.9988452196121216), ('left', 0.9875413775444031)]"
334,18,S,3092,1,1,2,"[('right', 0.9986457228660583), ('left', 0.9907407760620117)]"
335,18,S,3093,1,1,2,"[('right', 0.9987398386001587), ('left', 0.992161750793457)]"
336,18,S,3094,1,1,2,"[('right', 0.99872225522995), ('left', 0.9910855293273926)]"
337,18,S,3095,1,1,2,"[('right', 0.9988980293273926), ('left', 0.9923645853996277)]"
338,18,S,3096,1,1,2,"[('right', 0.9986875057220459), ('left', 0.990022599697113)]"
339,18,S,3097,1,1,2,"[('right', 0.9988553524017334), ('left', 0.978067934513092)]"
340,18,S,3098,1,1,2,"[('right', 0.998923659324646), ('left', 0.9909850358963013)]"
341,18,S,3099,1,1,2,"[('right', 0.9986363649368286), ('left', 0.9937095642089844)]"
342,19,T,3239,1,1,2,"[('right', 0.9878923892974854), ('left', 0.99647456407547)]"
343,19,T,3240,1,1,2,"[('left', 0.9967998266220093), ('right', 0.9890245199203491)]"
344,19,T,3241,1,1,2,"[('left', 0.9971012473106384), ('right', 0.9871097207069397)]"
345,19,T,3242,1,1,2,"[('left', 0.9973242878913879), ('right', 0.993831992149353)]"
346,19,T,3243,1,1,2,"[('left', 0.9971712827682495), ('right', 0.9927613735198975)]"
347,19,T,3244,1,1,2,"[('left', 0.9963489770889282), ('right', 0.9921041131019592)]"
348,19,T,3245,1,1,2,"[('left', 0.9962430000305176), ('right', 0.9936157464981079)]"
349,19,T,3246,1,1,2,"[('left', 0.9970203638076782), ('right', 0.9939124584197998)]"
350,19,T,3247,1,1,2,"[('left', 0.9973416924476624), ('right', 0.9929178953170776)]"
351,19,T,3248,1,1,2,"[('left', 0.9975229501724243), ('right', 0.9938726425170898)]"
352,19,T,3249,1,1,2,"[('left', 0.9980894327163696), ('right', 0.9949275255203247)]"
353,19,T,3250,1,1,2,"[('left', 0.9977626204490662), ('right', 0.9933316111564636)]"
354,19,T,3251,1,1,2,"[('left', 0.9975695610046387), ('right', 0.9935680627822876)]"
355,19,T,3252,1,1,2,"[('left', 0.9977530241012573), ('right', 0.9921392202377319)]"
356,19,T,3253,1,1,2,"[('left', 0.9971581697463989), ('right', 0.9909613132476807)]"
357,19,T,3254,1,1,2,"[('left', 0.997411847114563), ('right', 0.9952284097671509)]"
358,19,T,3255,1,1,2,"[('left', 0.9973700642585754), ('right', 0.9930320382118225)]"
359,19,T,3256,1,1,2,"[('left', 0.9975196123123169), ('right', 0.9942718744277954)]"
360,20,U,3463,1,0,1,"[('left', 0.9940730333328247)]"
361,20,U,3464,1,0,1,"[('left', 0.9942102432250977)]"
362,20,U,3465,1,0,1,"[('left', 0.9935423731803894)]"
363,20,U,3466,1,0,1,"[('left', 0.9944440126419067)]"
364,20,U,3467,1,0,1,"[('left', 0.9949299693107605)]"
365,20,U,3468,1,0,1,"[('left', 0.9947770833969116)]"
366,20,U,3469,1,0,1,"[('left', 0.9952844977378845)]"
367,20,U,3470,1,0,1,"[('left', 0.9956360459327698)]"
368,20,U,3471,1,0,1,"[('left', 0.9959697723388672)]"
369,20,U,3472,1,0,1,"[('left', 0.9956772923469543)]"
370,20,U,3473,1,0,1,"[('left', 0.9936953186988831)]"
371,20,U,3474,1,0,1,"[('left', 0.9938024282455444)]"
372,20,U,3475,1,0,1,"[('left', 0.9939773678779602)]"
373,20,U,3476,1,0,1,"[('left', 0.9917954802513123)]"
374,20,U,3477,1,0,1,"[('left', 0.9929164052009583)]"
375,20,U,3478,1,0,1,"[('left', 0.9929481148719788)]"
376,20,U,3479,1,0,1,"[('left', 0.9931514859199524)]"
377,20,U,3480,1,0,1,"[('left', 0.9942893981933594)]"
378,21,V,3579,1,0,1,"[('left', 0.9963405132293701)]"
379,21,V,3580,1,0,1,"[('left', 0.99752277135849)]"
380,21,V,3581,1,0,1,"[('left', 0.9976202845573425)]"
381,21,V,3582,1,0,1,"[('left', 0.9982671141624451)]"
382,21,V,3583,1,0,1,"[('left', 0.9985484480857849)]"
383,21,V,3584,1,0,1,"[('left', 0.9975218772888184)]"
384,21,V,3585,1,0,1,"[('left', 0.9971126914024353)]"
385,21,V,3586,1,0,1,"[('left', 0.9971299171447754)]"
386,21,V,3587,1,0,1,"[('left', 0.9971069693565369)]"
387,21,V,3588,1,0,1,"[('left', 0.9968254566192627)]"
388,21,V,3589,1,0,1,"[('left', 0.9962852001190186)]"
389,21,V,3590,1,0,1,"[('left', 0.9959728121757507)]"
390,21,V,3591,1,0,1,"[('left', 0.9951643943786621)]"
391,21,V,3592,1,0,1,"[('left', 0.9952861666679382)]"
392,21,V,3593,1,0,1,"[('left', 0.9942898750305176)]"
393,21,V,3594,1,0,1,"[('left', 0.9924489259719849)]"
394,21,V,3595,1,0,1,"[('left', 0.9932401180267334)]"
395,21,V,3596,1,0,1,"[('left', 0.993119478225708)]"
396,22,W,3743,1,0,1,"[('left', 0.9690426588058472), ('left', 0.9698821902275085)]"
397,22,W,3744,1,0,1,"[('left', 0.916397750377655), ('left', 0.9147225022315979)]"
398,22,W,3745,1,1,2,"[('left', 0.7740496397018433), ('right', 0.9900932312011719)]"
399,22,W,3746,1,0,1,"[('left', 0.9421637654304504), ('left', 0.5213413238525391)]"
400,22,W,3747,1,1,2,"[('left', 0.939164400100708), ('right', 0.9775119423866272)]"
401,22,W,3748,1,1,2,"[('left', 0.9302518963813782), ('right', 0.9914841055870056)]"
402,22,W,3749,1,0,1,"[('left', 0.9305998086929321), ('left', 0.9656422138214111)]"
403,22,W,3750,1,0,1,"[('left', 0.8962066173553467), ('left', 0.8415831327438354)]"
404,22,W,3751,1,1,2,"[('right', 0.7266483306884766), ('left', 0.8936582803726196)]"
405,22,W,3752,1,1,2,"[('right', 0.914729654788971), ('left', 0.8790415525436401)]"
406,22,W,3753,1,1,2,"[('right', 0.8546225428581238), ('left', 0.8678815364837646)]"
407,22,W,3754,1,1,2,"[('left', 0.8439624905586243), ('right', 0.8662426471710205)]"
408,22,W,3755,1,0,1,"[('left', 0.8743136525154114), ('left', 0.9427717328071594)]"
409,22,W,3756,1,0,1,"[('left', 0.9360594749450684), ('left', 0.6195151209831238)]"
410,22,W,3757,1,0,1,"[('left', 0.9508002996444702), ('left', 0.6514313220977783)]"
411,22,W,3758,1,0,1,"[('left', 0.9336778521537781), ('left', 0.8067629337310791)]"
412,22,W,3759,1,0,1,"[('left', 0.9660627841949463), ('left', 0.6344920992851257)]"
413,22,W,3760,1,1,2,"[('left', 0.9567437171936035), ('right', 0.6077588796615601)]"
414,23,X,3957,1,1,2,"[('right', 0.9983381032943726), ('left', 0.9994551539421082)]"
415,23,X,3958,1,1,2,"[('right', 0.9949892163276672), ('left', 0.9994205236434937)]"
416,23,X,3959,1,1,2,"[('right', 0.9967638254165649), ('left', 0.9994334578514099)]"
417,23,X,3960,1,1,2,"[('right', 0.9969161748886108), ('left', 0.9995620846748352)]"
418,23,X,3961,1,1,2,"[('right', 0.9969828128814697), ('left', 0.9996135234832764)]"
419,23,X,3962,1,1,2,"[('right', 0.9933925867080688), ('left', 0.9996524453163147)]"
420,23,X,3963,1,1,2,"[('right', 0.9907516837120056), ('left', 0.999717652797699)]"
421,23,X,3964,1,1,2,"[('right', 0.9946034550666809), ('left', 0.9996757507324219)]"
422,23,X,3965,1,1,2,"[('right', 0.9958056211471558), ('left', 0.9997840523719788)]"
423,23,X,3966,1,1,2,"[('right', 0.9954077005386353), ('left', 0.999687910079956)]"
424,23,X,3967,1,1,2,"[('right', 0.9930528998374939), ('left', 0.9998421669006348)]"
425,23,X,3968,1,1,2,"[('right', 0.9965190887451172), ('left', 0.9996616840362549)]"
426,23,X,3969,1,1,2,"[('right', 0.9973602890968323), ('left', 0.9996889233589172)]"
427,23,X,3970,1,1,2,"[('right', 0.9952732920646667), ('left', 0.9995946288108826)]"
428,23,X,3971,1,1,2,"[('right', 0.9963913559913635), ('left', 0.9996797442436218)]"
429,23,X,3972,1,1,2,"[('right', 0.9954273104667664), ('left', 0.9995595812797546)]"
430,23,X,3973,1,1,2,"[('right', 0.9963703155517578), ('left', 0.9996640682220459)]"
431,23,X,3974,1,1,2,"[('right', 0.9958131313323975), ('left', 0.9995636940002441)]"
432,24,Y,4111,0,1,1,"[('right', 0.9865347743034363)]"
433,24,Y,4112,0,1,1,"[('right', 0.9264119863510132)]"
434,24,Y,4113,0,1,1,"[('right', 0.6930150985717773)]"
435,24,Y,4114,0,1,1,"[('right', 0.8853343725204468)]"
436,24,Y,4115,0,1,1,"[('right', 0.991996705532074)]"
437,24,Y,4116,0,1,1,"[('right', 0.9919899702072144)]"
438,24,Y,4117,0,1,1,"[('right', 0.997272253036499)]"
439,24,Y,4118,0,1,1,"[('right', 0.9970531463623047)]"
440,24,Y,4119,1,1,2,"[('left', 0.9978960156440735), ('right', 0.9981871843338013)]"
441,24,Y,4120,0,1,1,"[('right', 0.9935608506202698)]"
442,24,Y,4121,0,1,1,"[('right', 0.9945586323738098)]"
443,24,Y,4122,1,1,2,"[('left', 0.9977677464485168), ('right', 0.9970507621765137)]"
444,24,Y,4123,1,1,2,"[('left', 0.9978541135787964), ('right', 0.9970380663871765)]"
445,24,Y,4124,1,1,2,"[('left', 0.9984370470046997), ('right', 0.99669349193573)]"
446,24,Y,4125,1,1,2,"[('left', 0.9989446401596069), ('right', 0.9979594349861145)]"
447,24,Y,4126,1,1,2,"[('left', 0.9981837868690491), ('right', 0.9972528219223022)]"
448,24,Y,4127,1,1,2,"[('left', 0.9991655349731445), ('right', 0.9981973171234131)]"
449,24,Y,4128,1,1,2,"[('right', 0.9970963001251221), ('left', 0.9993728995323181)]"
450,25,Z,4269,1,0,1,"[('left', 0.8703634738922119)]"
451,25,Z,4270,1,0,1,"[('left', 0.8675529956817627)]"
452,25,Z,4271,1,0,1,"[('left', 0.8764866590499878)]"
453,25,Z,4272,1,0,1,"[('left', 0.8989351391792297)]"
454,25,Z,4273,1,0,1,"[('left', 0.9040086269378662)]"
455,25,Z,4274,1,0,1,"[('left', 0.890839695930481)]"
456,25,Z,4275,1,0,1,"[('left', 0.9007152318954468)]"
457,25,Z,4276,1,0,1,"[('left', 0.8715736865997314)]"
458,25,Z,4277,1,0,1,"[('left', 0.8671988248825073)]"
459,25,Z,4278,1,0,1,"[('left', 0.8756921291351318)]"
460,25,Z,4279,1,0,1,"[('left', 0.8981488943099976)]"
461,25,Z,4280,1,0,1,"[('left', 0.8997299671173096)]"
462,25,Z,4281,1,0,1,"[('left', 0.9046658277511597)]"
463,25,Z,4282,1,0,1,"[('left', 0.9255180358886719)]"
464,25,Z,4283,1,0,1,"[('left', 0.9294761419296265)]"
465,25,Z,4284,1,0,1,"[('left', 0.898287296295166)]"
466,25,Z,4285,1,0,1,"[('left', 0.8867263793945312)]"
467,25,Z,4286,1,0,1,"[('left', 0.8581106066703796)]"
