class_id,label,frame_index,time_seconds,hold_offset,temporal_group_id,file,absolute_path,split
0,A,77,2.566666666666667,0,A_000,clean_hold_images/A/A_0077.jpg,/kaggle/input/datasets/loliwibu/master-bisindo-v7/clean_hold_images/A/A_0077.jpg,test
0,A,78,2.6,1,A_000,clean_hold_images/A/A_0078.jpg,/kaggle/input/datasets/loliwibu/master-bisindo-v7/clean_hold_images/A/A_0078.jpg,test
0,A,79,2.6333333333333333,2,A_000,clean_hold_images/A/A_0079.jpg,/kaggle/input/datasets/loliwibu/master-bisindo-v7/clean_hold_images/A/A_0079.jpg,test
0,A,80,2.6666666666666665,3,A_000,clean_hold_images/A/A_0080.jpg,/kaggle/input/datasets/loliwibu/master-bisindo-v7/clean_hold_images/A/A_0080.jpg,test
0,A,81,2.7,4,A_000,clean_hold_images/A/A_0081.jpg,/kaggle/input/datasets/loliwibu/master-bisindo-v7/clean_hold_images/A/A_0081.jpg,test
0,A,82,2.7333333333333334,5,A_000,clean_hold_images/A/A_0082.jpg,/kaggle/input/datasets/loliwibu/master-bisindo-v7/clean_hold_images/A/A_0082.jpg,test
0,A,83,2.7666666666666666,6,A_001,clean_hold_images/A/A_0083.jpg,/kaggle/input/datasets/loliwibu/master-bisindo-v7/clean_hold_images/A/A_0083.jpg,val
0,A,84,2.8,7,A_001,clean_hold_images/A/A_0084.jpg,/kaggle/input/datasets/loliwibu/master-bisindo-v7/clean_hold_images/A/A_0084.jpg,val
0,A,85,2.833333333333333,8,A_001,clean_hold_images/A/A_0085.jpg,/kaggle/input/datasets/loliwibu/master-bisindo-v7/clean_hold_images/A/A_0085.jpg,val
0,A,86,2.8666666666666667,9,A_001,clean_hold_images/A/A_0086.jpg,/kaggle/input/datasets/loliwibu/master-bisindo-v7/clean_hold_images/A/A_0086.jpg,val
0,A,87,2.9,10,A_001,clean_hold_images/A/A_0087.jpg,/kaggle/input/datasets/loliwibu/master-bisindo-v7/clean_hold_images/A/A_0087.jpg,val
0,A,88,2.933333333333333,11,A_001,clean_hold_images/A/A_0088.jpg,/kaggle/input/datasets/loliwibu/master-bisindo-v7/clean_hold_images/A/A_0088.jpg,val
0,A,89,2.966666666666667,12,A_002,clean_hold_images/A/A_0089.jpg,/kaggle/input/datasets/loliwibu/master-bisindo-v7/clean_hold_images/A/A_0089.jpg,train
0,A,90,3.0,13,A_002,clean_hold_images/A/A_0090.jpg,/kaggle/input/datasets/loliwibu/master-bisindo-v7/clean_hold_images/A/A_0090.jpg,train
0,A,91,3.033333333333333,14,A_002,clean_hold_images/A/A_0091.jpg,/kaggle/input/datasets/loliwibu/master-bisindo-v7/clean_hold_images/A/A_0091.jpg,train
0,A,92,3.066666666666667,15,A_002,clean_hold_images/A/A_0092.jpg,/kaggle/input/datasets/loliwibu/master-bisindo-v7/clean_hold_images/A/A_0092.jpg,train
0,A,93,3.1,16,A_002,clean_hold_images/A/A_0093.jpg,/kaggle/input/datasets/loliwibu/master-bisindo-v7/clean_hold_images/A/A_0093.jpg,train
0,A,94,3.1333333333333333,17,A_002,clean_hold_images/A/A_0094.jpg,/kaggle/input/datasets/loliwibu/master-bisindo-v7/clean_hold_images/A/A_0094.jpg,train
1,B,246,8.2,0,B_000,clean_hold_images/B/B_0246.jpg,/kaggle/input/datasets/loliwibu/master-bisindo-v7/clean_hold_images/B/B_0246.jpg,train
1,B,247,8.233333333333333,1,B_000,clean_hold_images/B/B_0247.jpg,/kaggle/input/datasets/loliwibu/master-bisindo-v7/clean_hold_images/B/B_0247.jpg,train
1,B,248,8.266666666666667,2,B_000,clean_hold_images/B/B_0248.jpg,/kaggle/input/datasets/loliwibu/master-bisindo-v7/clean_hold_images/B/B_0248.jpg,train
1,B,249,8.3,3,B_000,clean_hold_images/B/B_0249.jpg,/kaggle/input/datasets/loliwibu/master-bisindo-v7/clean_hold_images/B/B_0249.jpg,train
1,B,250,8.333333333333334,4,B_000,clean_hold_images/B/B_0250.jpg,/kaggle/input/datasets/loliwibu/master-bisindo-v7/clean_hold_images/B/B_0250.jpg,train
1,B,251,8.366666666666667,5,B_000,clean_hold_images/B/B_0251.jpg,/kaggle/input/datasets/loliwibu/master-bisindo-v7/clean_hold_images/B/B_0251.jpg,train
1,B,252,8.4,6,B_001,clean_hold_images/B/B_0252.jpg,/kaggle/input/datasets/loliwibu/master-bisindo-v7/clean_hold_images/B/B_0252.jpg,test
1,B,253,8.433333333333334,7,B_001,clean_hold_images/B/B_0253.jpg,/kaggle/input/datasets/loliwibu/master-bisindo-v7/clean_hold_images/B/B_0253.jpg,test
1,B,254,8.466666666666667,8,B_001,clean_hold_images/B/B_0254.jpg,/kaggle/input/datasets/loliwibu/master-bisindo-v7/clean_hold_images/B/B_0254.jpg,test
1,B,255,8.5,9,B_001,clean_hold_images/B/B_0255.jpg,/kaggle/input/datasets/loliwibu/master-bisindo-v7/clean_hold_images/B/B_0255.jpg,test
1,B,256,8.533333333333333,10,B_001,clean_hold_images/B/B_0256.jpg,/kaggle/input/datasets/loliwibu/master-bisindo-v7/clean_hold_images/B/B_0256.jpg,test
1,B,257,8.566666666666666,11,B_001,clean_hold_images/B/B_0257.jpg,/kaggle/input/datasets/loliwibu/master-bisindo-v7/clean_hold_images/B/B_0257.jpg,test
1,B,258,8.6,12,B_002,clean_hold_images/B/B_0258.jpg,/kaggle/input/datasets/loliwibu/master-bisindo-v7/clean_hold_images/B/B_0258.jpg,val
1,B,259,8.633333333333333,13,B_002,clean_hold_images/B/B_0259.jpg,/kaggle/input/datasets/loliwibu/master-bisindo-v7/clean_hold_images/B/B_0259.jpg,val
1,B,260,8.666666666666666,14,B_002,clean_hold_images/B/B_0260.jpg,/kaggle/input/datasets/loliwibu/master-bisindo-v7/clean_hold_images/B/B_0260.jpg,val
1,B,261,8.7,15,B_002,clean_hold_images/B/B_0261.jpg,/kaggle/input/datasets/loliwibu/master-bisindo-v7/clean_hold_images/B/B_0261.jpg,val
1,B,262,8.733333333333333,16,B_002,clean_hold_images/B/B_0262.jpg,/kaggle/input/datasets/loliwibu/master-bisindo-v7/clean_hold_images/B/B_0262.jpg,val
1,B,263,8.766666666666667,17,B_002,clean_hold_images/B/B_0263.jpg,/kaggle/input/datasets/loliwibu/master-bisindo-v7/clean_hold_images/B/B_0263.jpg,val
2,C,379,12.633333333333333,0,C_000,clean_hold_images/C/C_0379.jpg,/kaggle/input/datasets/loliwibu/master-bisindo-v7/clean_hold_images/C/C_0379.jpg,test
2,C,380,12.666666666666666,1,C_000,clean_hold_images/C/C_0380.jpg,/kaggle/input/datasets/loliwibu/master-bisindo-v7/clean_hold_images/C/C_0380.jpg,test
2,C,381,12.7,2,C_000,clean_hold_images/C/C_0381.jpg,/kaggle/input/datasets/loliwibu/master-bisindo-v7/clean_hold_images/C/C_0381.jpg,test
2,C,382,12.733333333333333,3,C_000,clean_hold_images/C/C_0382.jpg,/kaggle/input/datasets/loliwibu/master-bisindo-v7/clean_hold_images/C/C_0382.jpg,test
2,C,383,12.766666666666667,4,C_000,clean_hold_images/C/C_0383.jpg,/kaggle/input/datasets/loliwibu/master-bisindo-v7/clean_hold_images/C/C_0383.jpg,test
2,C,384,12.8,5,C_000,clean_hold_images/C/C_0384.jpg,/kaggle/input/datasets/loliwibu/master-bisindo-v7/clean_hold_images/C/C_0384.jpg,test
2,C,385,12.833333333333334,6,C_001,clean_hold_images/C/C_0385.jpg,/kaggle/input/datasets/loliwibu/master-bisindo-v7/clean_hold_images/C/C_0385.jpg,train
2,C,386,12.866666666666667,7,C_001,clean_hold_images/C/C_0386.jpg,/kaggle/input/datasets/loliwibu/master-bisindo-v7/clean_hold_images/C/C_0386.jpg,train
2,C,387,12.9,8,C_001,clean_hold_images/C/C_0387.jpg,/kaggle/input/datasets/loliwibu/master-bisindo-v7/clean_hold_images/C/C_0387.jpg,train
2,C,388,12.933333333333334,9,C_001,clean_hold_images/C/C_0388.jpg,/kaggle/input/datasets/loliwibu/master-bisindo-v7/clean_hold_images/C/C_0388.jpg,train
2,C,389,12.966666666666669,10,C_001,clean_hold_images/C/C_0389.jpg,/kaggle/input/datasets/loliwibu/master-bisindo-v7/clean_hold_images/C/C_0389.jpg,train
2,C,390,13.0,11,C_001,clean_hold_images/C/C_0390.jpg,/kaggle/input/datasets/loliwibu/master-bisindo-v7/clean_hold_images/C/C_0390.jpg,train
2,C,391,13.033333333333331,12,C_002,clean_hold_images/C/C_0391.jpg,/kaggle/input/datasets/loliwibu/master-bisindo-v7/clean_hold_images/C/C_0391.jpg,val
2,C,392,13.066666666666666,13,C_002,clean_hold_images/C/C_0392.jpg,/kaggle/input/datasets/loliwibu/master-bisindo-v7/clean_hold_images/C/C_0392.jpg,val
2,C,393,13.1,14,C_002,clean_hold_images/C/C_0393.jpg,/kaggle/input/datasets/loliwibu/master-bisindo-v7/clean_hold_images/C/C_0393.jpg,val
2,C,394,13.133333333333333,15,C_002,clean_hold_images/C/C_0394.jpg,/kaggle/input/datasets/loliwibu/master-bisindo-v7/clean_hold_images/C/C_0394.jpg,val
2,C,395,13.166666666666666,16,C_002,clean_hold_images/C/C_0395.jpg,/kaggle/input/datasets/loliwibu/master-bisindo-v7/clean_hold_images/C/C_0395.jpg,val
2,C,396,13.2,17,C_002,clean_hold_images/C/C_0396.jpg,/kaggle/input/datasets/loliwibu/master-bisindo-v7/clean_hold_images/C/C_0396.jpg,val
3,D,610,20.33333333333333,0,D_000,clean_hold_images/D/D_0610.jpg,/kaggle/input/datasets/loliwibu/master-bisindo-v7/clean_hold_images/D/D_0610.jpg,val
3,D,611,20.366666666666667,1,D_000,clean_hold_images/D/D_0611.jpg,/kaggle/input/datasets/loliwibu/master-bisindo-v7/clean_hold_images/D/D_0611.jpg,val
3,D,612,20.4,2,D_000,clean_hold_images/D/D_0612.jpg,/kaggle/input/datasets/loliwibu/master-bisindo-v7/clean_hold_images/D/D_0612.jpg,val
3,D,613,20.433333333333334,3,D_000,clean_hold_images/D/D_0613.jpg,/kaggle/input/datasets/loliwibu/master-bisindo-v7/clean_hold_images/D/D_0613.jpg,val
3,D,614,20.466666666666665,4,D_000,clean_hold_images/D/D_0614.jpg,/kaggle/input/datasets/loliwibu/master-bisindo-v7/clean_hold_images/D/D_0614.jpg,val
3,D,615,20.5,5,D_000,clean_hold_images/D/D_0615.jpg,/kaggle/input/datasets/loliwibu/master-bisindo-v7/clean_hold_images/D/D_0615.jpg,val
3,D,616,20.53333333333333,6,D_001,clean_hold_images/D/D_0616.jpg,/kaggle/input/datasets/loliwibu/master-bisindo-v7/clean_hold_images/D/D_0616.jpg,test
3,D,617,20.566666666666663,7,D_001,clean_hold_images/D/D_0617.jpg,/kaggle/input/datasets/loliwibu/master-bisindo-v7/clean_hold_images/D/D_0617.jpg,test
3,D,618,20.6,8,D_001,clean_hold_images/D/D_0618.jpg,/kaggle/input/datasets/loliwibu/master-bisindo-v7/clean_hold_images/D/D_0618.jpg,test
3,D,619,20.633333333333333,9,D_001,clean_hold_images/D/D_0619.jpg,/kaggle/input/datasets/loliwibu/master-bisindo-v7/clean_hold_images/D/D_0619.jpg,test
3,D,620,20.666666666666668,10,D_001,clean_hold_images/D/D_0620.jpg,/kaggle/input/datasets/loliwibu/master-bisindo-v7/clean_hold_images/D/D_0620.jpg,test
3,D,621,20.7,11,D_001,clean_hold_images/D/D_0621.jpg,/kaggle/input/datasets/loliwibu/master-bisindo-v7/clean_hold_images/D/D_0621.jpg,test
3,D,622,20.73333333333333,12,D_002,clean_hold_images/D/D_0622.jpg,/kaggle/input/datasets/loliwibu/master-bisindo-v7/clean_hold_images/D/D_0622.jpg,train
3,D,623,20.766666666666666,13,D_002,clean_hold_images/D/D_0623.jpg,/kaggle/input/datasets/loliwibu/master-bisindo-v7/clean_hold_images/D/D_0623.jpg,train
3,D,624,20.8,14,D_002,clean_hold_images/D/D_0624.jpg,/kaggle/input/datasets/loliwibu/master-bisindo-v7/clean_hold_images/D/D_0624.jpg,train
3,D,625,20.83333333333333,15,D_002,clean_hold_images/D/D_0625.jpg,/kaggle/input/datasets/loliwibu/master-bisindo-v7/clean_hold_images/D/D_0625.jpg,train
3,D,626,20.866666666666667,16,D_002,clean_hold_images/D/D_0626.jpg,/kaggle/input/datasets/loliwibu/master-bisindo-v7/clean_hold_images/D/D_0626.jpg,train
3,D,627,20.9,17,D_002,clean_hold_images/D/D_0627.jpg,/kaggle/input/datasets/loliwibu/master-bisindo-v7/clean_hold_images/D/D_0627.jpg,train
4,E,760,25.33333333333333,0,E_000,clean_hold_images/E/E_0760.jpg,/kaggle/input/datasets/loliwibu/master-bisindo-v7/clean_hold_images/E/E_0760.jpg,val
4,E,761,25.366666666666667,1,E_000,clean_hold_images/E/E_0761.jpg,/kaggle/input/datasets/loliwibu/master-bisindo-v7/clean_hold_images/E/E_0761.jpg,val
4,E,762,25.4,2,E_000,clean_hold_images/E/E_0762.jpg,/kaggle/input/datasets/loliwibu/master-bisindo-v7/clean_hold_images/E/E_0762.jpg,val
4,E,763,25.433333333333334,3,E_000,clean_hold_images/E/E_0763.jpg,/kaggle/input/datasets/loliwibu/master-bisindo-v7/clean_hold_images/E/E_0763.jpg,val
4,E,764,25.466666666666665,4,E_000,clean_hold_images/E/E_0764.jpg,/kaggle/input/datasets/loliwibu/master-bisindo-v7/clean_hold_images/E/E_0764.jpg,val
4,E,765,25.5,5,E_000,clean_hold_images/E/E_0765.jpg,/kaggle/input/datasets/loliwibu/master-bisindo-v7/clean_hold_images/E/E_0765.jpg,val
4,E,766,25.53333333333333,6,E_001,clean_hold_images/E/E_0766.jpg,/kaggle/input/datasets/loliwibu/master-bisindo-v7/clean_hold_images/E/E_0766.jpg,test
4,E,767,25.566666666666663,7,E_001,clean_hold_images/E/E_0767.jpg,/kaggle/input/datasets/loliwibu/master-bisindo-v7/clean_hold_images/E/E_0767.jpg,test
4,E,768,25.6,8,E_001,clean_hold_images/E/E_0768.jpg,/kaggle/input/datasets/loliwibu/master-bisindo-v7/clean_hold_images/E/E_0768.jpg,test
4,E,769,25.633333333333333,9,E_001,clean_hold_images/E/E_0769.jpg,/kaggle/input/datasets/loliwibu/master-bisindo-v7/clean_hold_images/E/E_0769.jpg,test
4,E,770,25.666666666666668,10,E_001,clean_hold_images/E/E_0770.jpg,/kaggle/input/datasets/loliwibu/master-bisindo-v7/clean_hold_images/E/E_0770.jpg,test
4,E,771,25.7,11,E_001,clean_hold_images/E/E_0771.jpg,/kaggle/input/datasets/loliwibu/master-bisindo-v7/clean_hold_images/E/E_0771.jpg,test
4,E,772,25.73333333333333,12,E_002,clean_hold_images/E/E_0772.jpg,/kaggle/input/datasets/loliwibu/master-bisindo-v7/clean_hold_images/E/E_0772.jpg,train
4,E,773,25.766666666666666,13,E_002,clean_hold_images/E/E_0773.jpg,/kaggle/input/datasets/loliwibu/master-bisindo-v7/clean_hold_images/E/E_0773.jpg,train
4,E,774,25.8,14,E_002,clean_hold_images/E/E_0774.jpg,/kaggle/input/datasets/loliwibu/master-bisindo-v7/clean_hold_images/E/E_0774.jpg,train
4,E,775,25.83333333333333,15,E_002,clean_hold_images/E/E_0775.jpg,/kaggle/input/datasets/loliwibu/master-bisindo-v7/clean_hold_images/E/E_0775.jpg,train
4,E,776,25.866666666666667,16,E_002,clean_hold_images/E/E_0776.jpg,/kaggle/input/datasets/loliwibu/master-bisindo-v7/clean_hold_images/E/E_0776.jpg,train
4,E,777,25.9,17,E_002,clean_hold_images/E/E_0777.jpg,/kaggle/input/datasets/loliwibu/master-bisindo-v7/clean_hold_images/E/E_0777.jpg,train
5,F,930,31.0,0,F_000,clean_hold_images/F/F_0930.jpg,/kaggle/input/datasets/loliwibu/master-bisindo-v7/clean_hold_images/F/F_0930.jpg,train
5,F,931,31.03333333333333,1,F_000,clean_hold_images/F/F_0931.jpg,/kaggle/input/datasets/loliwibu/master-bisindo-v7/clean_hold_images/F/F_0931.jpg,train
5,F,932,31.066666666666663,2,F_000,clean_hold_images/F/F_0932.jpg,/kaggle/input/datasets/loliwibu/master-bisindo-v7/clean_hold_images/F/F_0932.jpg,train
5,F,933,31.1,3,F_000,clean_hold_images/F/F_0933.jpg,/kaggle/input/datasets/loliwibu/master-bisindo-v7/clean_hold_images/F/F_0933.jpg,train
5,F,934,31.133333333333333,4,F_000,clean_hold_images/F/F_0934.jpg,/kaggle/input/datasets/loliwibu/master-bisindo-v7/clean_hold_images/F/F_0934.jpg,train
5,F,935,31.166666666666668,5,F_000,clean_hold_images/F/F_0935.jpg,/kaggle/input/datasets/loliwibu/master-bisindo-v7/clean_hold_images/F/F_0935.jpg,train
5,F,936,31.2,6,F_001,clean_hold_images/F/F_0936.jpg,/kaggle/input/datasets/loliwibu/master-bisindo-v7/clean_hold_images/F/F_0936.jpg,test
5,F,937,31.23333333333333,7,F_001,clean_hold_images/F/F_0937.jpg,/kaggle/input/datasets/loliwibu/master-bisindo-v7/clean_hold_images/F/F_0937.jpg,test
5,F,938,31.266666666666666,8,F_001,clean_hold_images/F/F_0938.jpg,/kaggle/input/datasets/loliwibu/master-bisindo-v7/clean_hold_images/F/F_0938.jpg,test
5,F,939,31.3,9,F_001,clean_hold_images/F/F_0939.jpg,/kaggle/input/datasets/loliwibu/master-bisindo-v7/clean_hold_images/F/F_0939.jpg,test
5,F,940,31.33333333333333,10,F_001,clean_hold_images/F/F_0940.jpg,/kaggle/input/datasets/loliwibu/master-bisindo-v7/clean_hold_images/F/F_0940.jpg,test
5,F,941,31.366666666666667,11,F_001,clean_hold_images/F/F_0941.jpg,/kaggle/input/datasets/loliwibu/master-bisindo-v7/clean_hold_images/F/F_0941.jpg,test
5,F,942,31.4,12,F_002,clean_hold_images/F/F_0942.jpg,/kaggle/input/datasets/loliwibu/master-bisindo-v7/clean_hold_images/F/F_0942.jpg,val
5,F,943,31.433333333333334,13,F_002,clean_hold_images/F/F_0943.jpg,/kaggle/input/datasets/loliwibu/master-bisindo-v7/clean_hold_images/F/F_0943.jpg,val
5,F,944,31.466666666666665,14,F_002,clean_hold_images/F/F_0944.jpg,/kaggle/input/datasets/loliwibu/master-bisindo-v7/clean_hold_images/F/F_0944.jpg,val
5,F,945,31.5,15,F_002,clean_hold_images/F/F_0945.jpg,/kaggle/input/datasets/loliwibu/master-bisindo-v7/clean_hold_images/F/F_0945.jpg,val
5,F,946,31.53333333333333,16,F_002,clean_hold_images/F/F_0946.jpg,/kaggle/input/datasets/loliwibu/master-bisindo-v7/clean_hold_images/F/F_0946.jpg,val
5,F,947,31.566666666666663,17,F_002,clean_hold_images/F/F_0947.jpg,/kaggle/input/datasets/loliwibu/master-bisindo-v7/clean_hold_images/F/F_0947.jpg,val
6,G,1049,34.96666666666667,0,G_000,clean_hold_images/G/G_1049.jpg,/kaggle/input/datasets/loliwibu/master-bisindo-v7/clean_hold_images/G/G_1049.jpg,test
6,G,1050,35.0,1,G_000,clean_hold_images/G/G_1050.jpg,/kaggle/input/datasets/loliwibu/master-bisindo-v7/clean_hold_images/G/G_1050.jpg,test
6,G,1051,35.03333333333333,2,G_000,clean_hold_images/G/G_1051.jpg,/kaggle/input/datasets/loliwibu/master-bisindo-v7/clean_hold_images/G/G_1051.jpg,test
6,G,1052,35.06666666666667,3,G_000,clean_hold_images/G/G_1052.jpg,/kaggle/input/datasets/loliwibu/master-bisindo-v7/clean_hold_images/G/G_1052.jpg,test
6,G,1053,35.1,4,G_000,clean_hold_images/G/G_1053.jpg,/kaggle/input/datasets/loliwibu/master-bisindo-v7/clean_hold_images/G/G_1053.jpg,test
6,G,1054,35.13333333333333,5,G_000,clean_hold_images/G/G_1054.jpg,/kaggle/input/datasets/loliwibu/master-bisindo-v7/clean_hold_images/G/G_1054.jpg,test
6,G,1055,35.166666666666664,6,G_001,clean_hold_images/G/G_1055.jpg,/kaggle/input/datasets/loliwibu/master-bisindo-v7/clean_hold_images/G/G_1055.jpg,val
6,G,1056,35.2,7,G_001,clean_hold_images/G/G_1056.jpg,/kaggle/input/datasets/loliwibu/master-bisindo-v7/clean_hold_images/G/G_1056.jpg,val
6,G,1057,35.233333333333334,8,G_001,clean_hold_images/G/G_1057.jpg,/kaggle/input/datasets/loliwibu/master-bisindo-v7/clean_hold_images/G/G_1057.jpg,val
6,G,1058,35.266666666666666,9,G_001,clean_hold_images/G/G_1058.jpg,/kaggle/input/datasets/loliwibu/master-bisindo-v7/clean_hold_images/G/G_1058.jpg,val
6,G,1059,35.3,10,G_001,clean_hold_images/G/G_1059.jpg,/kaggle/input/datasets/loliwibu/master-bisindo-v7/clean_hold_images/G/G_1059.jpg,val
6,G,1060,35.333333333333336,11,G_001,clean_hold_images/G/G_1060.jpg,/kaggle/input/datasets/loliwibu/master-bisindo-v7/clean_hold_images/G/G_1060.jpg,val
6,G,1061,35.36666666666667,12,G_002,clean_hold_images/G/G_1061.jpg,/kaggle/input/datasets/loliwibu/master-bisindo-v7/clean_hold_images/G/G_1061.jpg,train
6,G,1062,35.4,13,G_002,clean_hold_images/G/G_1062.jpg,/kaggle/input/datasets/loliwibu/master-bisindo-v7/clean_hold_images/G/G_1062.jpg,train
6,G,1063,35.43333333333333,14,G_002,clean_hold_images/G/G_1063.jpg,/kaggle/input/datasets/loliwibu/master-bisindo-v7/clean_hold_images/G/G_1063.jpg,train
6,G,1064,35.46666666666667,15,G_002,clean_hold_images/G/G_1064.jpg,/kaggle/input/datasets/loliwibu/master-bisindo-v7/clean_hold_images/G/G_1064.jpg,train
6,G,1065,35.5,16,G_002,clean_hold_images/G/G_1065.jpg,/kaggle/input/datasets/loliwibu/master-bisindo-v7/clean_hold_images/G/G_1065.jpg,train
6,G,1066,35.53333333333333,17,G_002,clean_hold_images/G/G_1066.jpg,/kaggle/input/datasets/loliwibu/master-bisindo-v7/clean_hold_images/G/G_1066.jpg,train
7,H,1276,42.53333333333333,0,H_000,clean_hold_images/H/H_1276.jpg,/kaggle/input/datasets/loliwibu/master-bisindo-v7/clean_hold_images/H/H_1276.jpg,val
7,H,1277,42.56666666666667,1,H_000,clean_hold_images/H/H_1277.jpg,/kaggle/input/datasets/loliwibu/master-bisindo-v7/clean_hold_images/H/H_1277.jpg,val
7,H,1278,42.6,2,H_000,clean_hold_images/H/H_1278.jpg,/kaggle/input/datasets/loliwibu/master-bisindo-v7/clean_hold_images/H/H_1278.jpg,val
7,H,1279,42.63333333333333,3,H_000,clean_hold_images/H/H_1279.jpg,/kaggle/input/datasets/loliwibu/master-bisindo-v7/clean_hold_images/H/H_1279.jpg,val
7,H,1280,42.66666666666666,4,H_000,clean_hold_images/H/H_1280.jpg,/kaggle/input/datasets/loliwibu/master-bisindo-v7/clean_hold_images/H/H_1280.jpg,val
7,H,1281,42.7,5,H_000,clean_hold_images/H/H_1281.jpg,/kaggle/input/datasets/loliwibu/master-bisindo-v7/clean_hold_images/H/H_1281.jpg,val
7,H,1282,42.73333333333333,6,H_001,clean_hold_images/H/H_1282.jpg,/kaggle/input/datasets/loliwibu/master-bisindo-v7/clean_hold_images/H/H_1282.jpg,train
7,H,1283,42.766666666666666,7,H_001,clean_hold_images/H/H_1283.jpg,/kaggle/input/datasets/loliwibu/master-bisindo-v7/clean_hold_images/H/H_1283.jpg,train
7,H,1284,42.8,8,H_001,clean_hold_images/H/H_1284.jpg,/kaggle/input/datasets/loliwibu/master-bisindo-v7/clean_hold_images/H/H_1284.jpg,train
7,H,1285,42.833333333333336,9,H_001,clean_hold_images/H/H_1285.jpg,/kaggle/input/datasets/loliwibu/master-bisindo-v7/clean_hold_images/H/H_1285.jpg,train
7,H,1286,42.86666666666667,10,H_001,clean_hold_images/H/H_1286.jpg,/kaggle/input/datasets/loliwibu/master-bisindo-v7/clean_hold_images/H/H_1286.jpg,train
7,H,1287,42.9,11,H_001,clean_hold_images/H/H_1287.jpg,/kaggle/input/datasets/loliwibu/master-bisindo-v7/clean_hold_images/H/H_1287.jpg,train
7,H,1288,42.93333333333333,12,H_002,clean_hold_images/H/H_1288.jpg,/kaggle/input/datasets/loliwibu/master-bisindo-v7/clean_hold_images/H/H_1288.jpg,test
7,H,1289,42.96666666666667,13,H_002,clean_hold_images/H/H_1289.jpg,/kaggle/input/datasets/loliwibu/master-bisindo-v7/clean_hold_images/H/H_1289.jpg,test
7,H,1290,43.0,14,H_002,clean_hold_images/H/H_1290.jpg,/kaggle/input/datasets/loliwibu/master-bisindo-v7/clean_hold_images/H/H_1290.jpg,test
7,H,1291,43.03333333333333,15,H_002,clean_hold_images/H/H_1291.jpg,/kaggle/input/datasets/loliwibu/master-bisindo-v7/clean_hold_images/H/H_1291.jpg,test
7,H,1292,43.06666666666667,16,H_002,clean_hold_images/H/H_1292.jpg,/kaggle/input/datasets/loliwibu/master-bisindo-v7/clean_hold_images/H/H_1292.jpg,test
7,H,1293,43.1,17,H_002,clean_hold_images/H/H_1293.jpg,/kaggle/input/datasets/loliwibu/master-bisindo-v7/clean_hold_images/H/H_1293.jpg,test
8,I,1397,46.56666666666667,0,I_000,clean_hold_images/I/I_1397.jpg,/kaggle/input/datasets/loliwibu/master-bisindo-v7/clean_hold_images/I/I_1397.jpg,train
8,I,1398,46.6,1,I_000,clean_hold_images/I/I_1398.jpg,/kaggle/input/datasets/loliwibu/master-bisindo-v7/clean_hold_images/I/I_1398.jpg,train
8,I,1399,46.63333333333333,2,I_000,clean_hold_images/I/I_1399.jpg,/kaggle/input/datasets/loliwibu/master-bisindo-v7/clean_hold_images/I/I_1399.jpg,train
8,I,1400,46.66666666666666,3,I_000,clean_hold_images/I/I_1400.jpg,/kaggle/input/datasets/loliwibu/master-bisindo-v7/clean_hold_images/I/I_1400.jpg,train
8,I,1401,46.7,4,I_000,clean_hold_images/I/I_1401.jpg,/kaggle/input/datasets/loliwibu/master-bisindo-v7/clean_hold_images/I/I_1401.jpg,train
8,I,1402,46.73333333333333,5,I_000,clean_hold_images/I/I_1402.jpg,/kaggle/input/datasets/loliwibu/master-bisindo-v7/clean_hold_images/I/I_1402.jpg,train
8,I,1403,46.766666666666666,6,I_001,clean_hold_images/I/I_1403.jpg,/kaggle/input/datasets/loliwibu/master-bisindo-v7/clean_hold_images/I/I_1403.jpg,test
8,I,1404,46.8,7,I_001,clean_hold_images/I/I_1404.jpg,/kaggle/input/datasets/loliwibu/master-bisindo-v7/clean_hold_images/I/I_1404.jpg,test
8,I,1405,46.833333333333336,8,I_001,clean_hold_images/I/I_1405.jpg,/kaggle/input/datasets/loliwibu/master-bisindo-v7/clean_hold_images/I/I_1405.jpg,test
8,I,1406,46.86666666666667,9,I_001,clean_hold_images/I/I_1406.jpg,/kaggle/input/datasets/loliwibu/master-bisindo-v7/clean_hold_images/I/I_1406.jpg,test
8,I,1407,46.9,10,I_001,clean_hold_images/I/I_1407.jpg,/kaggle/input/datasets/loliwibu/master-bisindo-v7/clean_hold_images/I/I_1407.jpg,test
8,I,1408,46.93333333333333,11,I_001,clean_hold_images/I/I_1408.jpg,/kaggle/input/datasets/loliwibu/master-bisindo-v7/clean_hold_images/I/I_1408.jpg,test
8,I,1409,46.96666666666667,12,I_002,clean_hold_images/I/I_1409.jpg,/kaggle/input/datasets/loliwibu/master-bisindo-v7/clean_hold_images/I/I_1409.jpg,val
8,I,1410,47.0,13,I_002,clean_hold_images/I/I_1410.jpg,/kaggle/input/datasets/loliwibu/master-bisindo-v7/clean_hold_images/I/I_1410.jpg,val
8,I,1411,47.03333333333333,14,I_002,clean_hold_images/I/I_1411.jpg,/kaggle/input/datasets/loliwibu/master-bisindo-v7/clean_hold_images/I/I_1411.jpg,val
8,I,1412,47.06666666666667,15,I_002,clean_hold_images/I/I_1412.jpg,/kaggle/input/datasets/loliwibu/master-bisindo-v7/clean_hold_images/I/I_1412.jpg,val
8,I,1413,47.1,16,I_002,clean_hold_images/I/I_1413.jpg,/kaggle/input/datasets/loliwibu/master-bisindo-v7/clean_hold_images/I/I_1413.jpg,val
8,I,1414,47.13333333333333,17,I_002,clean_hold_images/I/I_1414.jpg,/kaggle/input/datasets/loliwibu/master-bisindo-v7/clean_hold_images/I/I_1414.jpg,val
9,J,1612,53.73333333333333,0,J_000,clean_hold_images/J/J_1612.jpg,/kaggle/input/datasets/loliwibu/master-bisindo-v7/clean_hold_images/J/J_1612.jpg,val
9,J,1613,53.766666666666666,1,J_000,clean_hold_images/J/J_1613.jpg,/kaggle/input/datasets/loliwibu/master-bisindo-v7/clean_hold_images/J/J_1613.jpg,val
9,J,1614,53.8,2,J_000,clean_hold_images/J/J_1614.jpg,/kaggle/input/datasets/loliwibu/master-bisindo-v7/clean_hold_images/J/J_1614.jpg,val
9,J,1615,53.833333333333336,3,J_000,clean_hold_images/J/J_1615.jpg,/kaggle/input/datasets/loliwibu/master-bisindo-v7/clean_hold_images/J/J_1615.jpg,val
9,J,1616,53.86666666666667,4,J_000,clean_hold_images/J/J_1616.jpg,/kaggle/input/datasets/loliwibu/master-bisindo-v7/clean_hold_images/J/J_1616.jpg,val
9,J,1617,53.9,5,J_000,clean_hold_images/J/J_1617.jpg,/kaggle/input/datasets/loliwibu/master-bisindo-v7/clean_hold_images/J/J_1617.jpg,val
9,J,1618,53.93333333333333,6,J_001,clean_hold_images/J/J_1618.jpg,/kaggle/input/datasets/loliwibu/master-bisindo-v7/clean_hold_images/J/J_1618.jpg,train
9,J,1619,53.96666666666667,7,J_001,clean_hold_images/J/J_1619.jpg,/kaggle/input/datasets/loliwibu/master-bisindo-v7/clean_hold_images/J/J_1619.jpg,train
9,J,1620,54.0,8,J_001,clean_hold_images/J/J_1620.jpg,/kaggle/input/datasets/loliwibu/master-bisindo-v7/clean_hold_images/J/J_1620.jpg,train
9,J,1621,54.03333333333333,9,J_001,clean_hold_images/J/J_1621.jpg,/kaggle/input/datasets/loliwibu/master-bisindo-v7/clean_hold_images/J/J_1621.jpg,train
9,J,1622,54.06666666666667,10,J_001,clean_hold_images/J/J_1622.jpg,/kaggle/input/datasets/loliwibu/master-bisindo-v7/clean_hold_images/J/J_1622.jpg,train
9,J,1623,54.1,11,J_001,clean_hold_images/J/J_1623.jpg,/kaggle/input/datasets/loliwibu/master-bisindo-v7/clean_hold_images/J/J_1623.jpg,train
9,J,1624,54.13333333333333,12,J_002,clean_hold_images/J/J_1624.jpg,/kaggle/input/datasets/loliwibu/master-bisindo-v7/clean_hold_images/J/J_1624.jpg,test
9,J,1625,54.16666666666666,13,J_002,clean_hold_images/J/J_1625.jpg,/kaggle/input/datasets/loliwibu/master-bisindo-v7/clean_hold_images/J/J_1625.jpg,test
9,J,1626,54.2,14,J_002,clean_hold_images/J/J_1626.jpg,/kaggle/input/datasets/loliwibu/master-bisindo-v7/clean_hold_images/J/J_1626.jpg,test
9,J,1627,54.23333333333333,15,J_002,clean_hold_images/J/J_1627.jpg,/kaggle/input/datasets/loliwibu/master-bisindo-v7/clean_hold_images/J/J_1627.jpg,test
9,J,1628,54.266666666666666,16,J_002,clean_hold_images/J/J_1628.jpg,/kaggle/input/datasets/loliwibu/master-bisindo-v7/clean_hold_images/J/J_1628.jpg,test
9,J,1629,54.3,17,J_002,clean_hold_images/J/J_1629.jpg,/kaggle/input/datasets/loliwibu/master-bisindo-v7/clean_hold_images/J/J_1629.jpg,test
10,K,1779,59.3,0,K_000,clean_hold_images/K/K_1779.jpg,/kaggle/input/datasets/loliwibu/master-bisindo-v7/clean_hold_images/K/K_1779.jpg,val
10,K,1780,59.333333333333336,1,K_000,clean_hold_images/K/K_1780.jpg,/kaggle/input/datasets/loliwibu/master-bisindo-v7/clean_hold_images/K/K_1780.jpg,val
10,K,1781,59.36666666666667,2,K_000,clean_hold_images/K/K_1781.jpg,/kaggle/input/datasets/loliwibu/master-bisindo-v7/clean_hold_images/K/K_1781.jpg,val
10,K,1782,59.4,3,K_000,clean_hold_images/K/K_1782.jpg,/kaggle/input/datasets/loliwibu/master-bisindo-v7/clean_hold_images/K/K_1782.jpg,val
10,K,1783,59.43333333333333,4,K_000,clean_hold_images/K/K_1783.jpg,/kaggle/input/datasets/loliwibu/master-bisindo-v7/clean_hold_images/K/K_1783.jpg,val
10,K,1784,59.46666666666667,5,K_000,clean_hold_images/K/K_1784.jpg,/kaggle/input/datasets/loliwibu/master-bisindo-v7/clean_hold_images/K/K_1784.jpg,val
10,K,1785,59.5,6,K_001,clean_hold_images/K/K_1785.jpg,/kaggle/input/datasets/loliwibu/master-bisindo-v7/clean_hold_images/K/K_1785.jpg,test
10,K,1786,59.53333333333333,7,K_001,clean_hold_images/K/K_1786.jpg,/kaggle/input/datasets/loliwibu/master-bisindo-v7/clean_hold_images/K/K_1786.jpg,test
10,K,1787,59.56666666666667,8,K_001,clean_hold_images/K/K_1787.jpg,/kaggle/input/datasets/loliwibu/master-bisindo-v7/clean_hold_images/K/K_1787.jpg,test
10,K,1788,59.6,9,K_001,clean_hold_images/K/K_1788.jpg,/kaggle/input/datasets/loliwibu/master-bisindo-v7/clean_hold_images/K/K_1788.jpg,test
10,K,1789,59.63333333333333,10,K_001,clean_hold_images/K/K_1789.jpg,/kaggle/input/datasets/loliwibu/master-bisindo-v7/clean_hold_images/K/K_1789.jpg,test
10,K,1790,59.66666666666666,11,K_001,clean_hold_images/K/K_1790.jpg,/kaggle/input/datasets/loliwibu/master-bisindo-v7/clean_hold_images/K/K_1790.jpg,test
10,K,1791,59.7,12,K_002,clean_hold_images/K/K_1791.jpg,/kaggle/input/datasets/loliwibu/master-bisindo-v7/clean_hold_images/K/K_1791.jpg,train
10,K,1792,59.73333333333333,13,K_002,clean_hold_images/K/K_1792.jpg,/kaggle/input/datasets/loliwibu/master-bisindo-v7/clean_hold_images/K/K_1792.jpg,train
10,K,1793,59.766666666666666,14,K_002,clean_hold_images/K/K_1793.jpg,/kaggle/input/datasets/loliwibu/master-bisindo-v7/clean_hold_images/K/K_1793.jpg,train
10,K,1794,59.8,15,K_002,clean_hold_images/K/K_1794.jpg,/kaggle/input/datasets/loliwibu/master-bisindo-v7/clean_hold_images/K/K_1794.jpg,train
10,K,1795,59.833333333333336,16,K_002,clean_hold_images/K/K_1795.jpg,/kaggle/input/datasets/loliwibu/master-bisindo-v7/clean_hold_images/K/K_1795.jpg,train
10,K,1796,59.86666666666667,17,K_002,clean_hold_images/K/K_1796.jpg,/kaggle/input/datasets/loliwibu/master-bisindo-v7/clean_hold_images/K/K_1796.jpg,train
11,L,1898,63.266666666666666,0,L_000,clean_hold_images/L/L_1898.jpg,/kaggle/input/datasets/loliwibu/master-bisindo-v7/clean_hold_images/L/L_1898.jpg,train
11,L,1899,63.3,1,L_000,clean_hold_images/L/L_1899.jpg,/kaggle/input/datasets/loliwibu/master-bisindo-v7/clean_hold_images/L/L_1899.jpg,train
11,L,1900,63.333333333333336,2,L_000,clean_hold_images/L/L_1900.jpg,/kaggle/input/datasets/loliwibu/master-bisindo-v7/clean_hold_images/L/L_1900.jpg,train
11,L,1901,63.36666666666667,3,L_000,clean_hold_images/L/L_1901.jpg,/kaggle/input/datasets/loliwibu/master-bisindo-v7/clean_hold_images/L/L_1901.jpg,train
11,L,1902,63.4,4,L_000,clean_hold_images/L/L_1902.jpg,/kaggle/input/datasets/loliwibu/master-bisindo-v7/clean_hold_images/L/L_1902.jpg,train
11,L,1903,63.43333333333333,5,L_000,clean_hold_images/L/L_1903.jpg,/kaggle/input/datasets/loliwibu/master-bisindo-v7/clean_hold_images/L/L_1903.jpg,train
11,L,1904,63.46666666666667,6,L_001,clean_hold_images/L/L_1904.jpg,/kaggle/input/datasets/loliwibu/master-bisindo-v7/clean_hold_images/L/L_1904.jpg,test
11,L,1905,63.5,7,L_001,clean_hold_images/L/L_1905.jpg,/kaggle/input/datasets/loliwibu/master-bisindo-v7/clean_hold_images/L/L_1905.jpg,test
11,L,1906,63.53333333333333,8,L_001,clean_hold_images/L/L_1906.jpg,/kaggle/input/datasets/loliwibu/master-bisindo-v7/clean_hold_images/L/L_1906.jpg,test
11,L,1907,63.56666666666667,9,L_001,clean_hold_images/L/L_1907.jpg,/kaggle/input/datasets/loliwibu/master-bisindo-v7/clean_hold_images/L/L_1907.jpg,test
11,L,1908,63.6,10,L_001,clean_hold_images/L/L_1908.jpg,/kaggle/input/datasets/loliwibu/master-bisindo-v7/clean_hold_images/L/L_1908.jpg,test
11,L,1909,63.63333333333333,11,L_001,clean_hold_images/L/L_1909.jpg,/kaggle/input/datasets/loliwibu/master-bisindo-v7/clean_hold_images/L/L_1909.jpg,test
11,L,1910,63.66666666666666,12,L_002,clean_hold_images/L/L_1910.jpg,/kaggle/input/datasets/loliwibu/master-bisindo-v7/clean_hold_images/L/L_1910.jpg,val
11,L,1911,63.7,13,L_002,clean_hold_images/L/L_1911.jpg,/kaggle/input/datasets/loliwibu/master-bisindo-v7/clean_hold_images/L/L_1911.jpg,val
11,L,1912,63.73333333333333,14,L_002,clean_hold_images/L/L_1912.jpg,/kaggle/input/datasets/loliwibu/master-bisindo-v7/clean_hold_images/L/L_1912.jpg,val
11,L,1913,63.766666666666666,15,L_002,clean_hold_images/L/L_1913.jpg,/kaggle/input/datasets/loliwibu/master-bisindo-v7/clean_hold_images/L/L_1913.jpg,val
11,L,1914,63.8,16,L_002,clean_hold_images/L/L_1914.jpg,/kaggle/input/datasets/loliwibu/master-bisindo-v7/clean_hold_images/L/L_1914.jpg,val
11,L,1915,63.833333333333336,17,L_002,clean_hold_images/L/L_1915.jpg,/kaggle/input/datasets/loliwibu/master-bisindo-v7/clean_hold_images/L/L_1915.jpg,val
12,M,2083,69.43333333333334,0,M_000,clean_hold_images/M/M_2083.jpg,/kaggle/input/datasets/loliwibu/master-bisindo-v7/clean_hold_images/M/M_2083.jpg,val
12,M,2084,69.46666666666667,1,M_000,clean_hold_images/M/M_2084.jpg,/kaggle/input/datasets/loliwibu/master-bisindo-v7/clean_hold_images/M/M_2084.jpg,val
12,M,2085,69.5,2,M_000,clean_hold_images/M/M_2085.jpg,/kaggle/input/datasets/loliwibu/master-bisindo-v7/clean_hold_images/M/M_2085.jpg,val
12,M,2086,69.53333333333333,3,M_000,clean_hold_images/M/M_2086.jpg,/kaggle/input/datasets/loliwibu/master-bisindo-v7/clean_hold_images/M/M_2086.jpg,val
12,M,2087,69.56666666666666,4,M_000,clean_hold_images/M/M_2087.jpg,/kaggle/input/datasets/loliwibu/master-bisindo-v7/clean_hold_images/M/M_2087.jpg,val
12,M,2088,69.6,5,M_000,clean_hold_images/M/M_2088.jpg,/kaggle/input/datasets/loliwibu/master-bisindo-v7/clean_hold_images/M/M_2088.jpg,val
12,M,2089,69.63333333333334,6,M_001,clean_hold_images/M/M_2089.jpg,/kaggle/input/datasets/loliwibu/master-bisindo-v7/clean_hold_images/M/M_2089.jpg,train
12,M,2090,69.66666666666667,7,M_001,clean_hold_images/M/M_2090.jpg,/kaggle/input/datasets/loliwibu/master-bisindo-v7/clean_hold_images/M/M_2090.jpg,train
12,M,2091,69.7,8,M_001,clean_hold_images/M/M_2091.jpg,/kaggle/input/datasets/loliwibu/master-bisindo-v7/clean_hold_images/M/M_2091.jpg,train
12,M,2092,69.73333333333333,9,M_001,clean_hold_images/M/M_2092.jpg,/kaggle/input/datasets/loliwibu/master-bisindo-v7/clean_hold_images/M/M_2092.jpg,train
12,M,2093,69.76666666666667,10,M_001,clean_hold_images/M/M_2093.jpg,/kaggle/input/datasets/loliwibu/master-bisindo-v7/clean_hold_images/M/M_2093.jpg,train
12,M,2094,69.8,11,M_001,clean_hold_images/M/M_2094.jpg,/kaggle/input/datasets/loliwibu/master-bisindo-v7/clean_hold_images/M/M_2094.jpg,train
12,M,2095,69.83333333333333,12,M_002,clean_hold_images/M/M_2095.jpg,/kaggle/input/datasets/loliwibu/master-bisindo-v7/clean_hold_images/M/M_2095.jpg,test
12,M,2096,69.86666666666666,13,M_002,clean_hold_images/M/M_2096.jpg,/kaggle/input/datasets/loliwibu/master-bisindo-v7/clean_hold_images/M/M_2096.jpg,test
12,M,2097,69.9,14,M_002,clean_hold_images/M/M_2097.jpg,/kaggle/input/datasets/loliwibu/master-bisindo-v7/clean_hold_images/M/M_2097.jpg,test
12,M,2098,69.93333333333334,15,M_002,clean_hold_images/M/M_2098.jpg,/kaggle/input/datasets/loliwibu/master-bisindo-v7/clean_hold_images/M/M_2098.jpg,test
12,M,2099,69.96666666666667,16,M_002,clean_hold_images/M/M_2099.jpg,/kaggle/input/datasets/loliwibu/master-bisindo-v7/clean_hold_images/M/M_2099.jpg,test
12,M,2100,70.0,17,M_002,clean_hold_images/M/M_2100.jpg,/kaggle/input/datasets/loliwibu/master-bisindo-v7/clean_hold_images/M/M_2100.jpg,test
13,N,2252,75.06666666666666,0,N_000,clean_hold_images/N/N_2252.jpg,/kaggle/input/datasets/loliwibu/master-bisindo-v7/clean_hold_images/N/N_2252.jpg,val
13,N,2253,75.1,1,N_000,clean_hold_images/N/N_2253.jpg,/kaggle/input/datasets/loliwibu/master-bisindo-v7/clean_hold_images/N/N_2253.jpg,val
13,N,2254,75.13333333333334,2,N_000,clean_hold_images/N/N_2254.jpg,/kaggle/input/datasets/loliwibu/master-bisindo-v7/clean_hold_images/N/N_2254.jpg,val
13,N,2255,75.16666666666667,3,N_000,clean_hold_images/N/N_2255.jpg,/kaggle/input/datasets/loliwibu/master-bisindo-v7/clean_hold_images/N/N_2255.jpg,val
13,N,2256,75.2,4,N_000,clean_hold_images/N/N_2256.jpg,/kaggle/input/datasets/loliwibu/master-bisindo-v7/clean_hold_images/N/N_2256.jpg,val
13,N,2257,75.23333333333333,5,N_000,clean_hold_images/N/N_2257.jpg,/kaggle/input/datasets/loliwibu/master-bisindo-v7/clean_hold_images/N/N_2257.jpg,val
13,N,2258,75.26666666666667,6,N_001,clean_hold_images/N/N_2258.jpg,/kaggle/input/datasets/loliwibu/master-bisindo-v7/clean_hold_images/N/N_2258.jpg,train
13,N,2259,75.3,7,N_001,clean_hold_images/N/N_2259.jpg,/kaggle/input/datasets/loliwibu/master-bisindo-v7/clean_hold_images/N/N_2259.jpg,train
13,N,2260,75.33333333333333,8,N_001,clean_hold_images/N/N_2260.jpg,/kaggle/input/datasets/loliwibu/master-bisindo-v7/clean_hold_images/N/N_2260.jpg,train
13,N,2261,75.36666666666666,9,N_001,clean_hold_images/N/N_2261.jpg,/kaggle/input/datasets/loliwibu/master-bisindo-v7/clean_hold_images/N/N_2261.jpg,train
13,N,2262,75.4,10,N_001,clean_hold_images/N/N_2262.jpg,/kaggle/input/datasets/loliwibu/master-bisindo-v7/clean_hold_images/N/N_2262.jpg,train
13,N,2263,75.43333333333334,11,N_001,clean_hold_images/N/N_2263.jpg,/kaggle/input/datasets/loliwibu/master-bisindo-v7/clean_hold_images/N/N_2263.jpg,train
13,N,2264,75.46666666666667,12,N_002,clean_hold_images/N/N_2264.jpg,/kaggle/input/datasets/loliwibu/master-bisindo-v7/clean_hold_images/N/N_2264.jpg,test
13,N,2265,75.5,13,N_002,clean_hold_images/N/N_2265.jpg,/kaggle/input/datasets/loliwibu/master-bisindo-v7/clean_hold_images/N/N_2265.jpg,test
13,N,2266,75.53333333333333,14,N_002,clean_hold_images/N/N_2266.jpg,/kaggle/input/datasets/loliwibu/master-bisindo-v7/clean_hold_images/N/N_2266.jpg,test
13,N,2267,75.56666666666666,15,N_002,clean_hold_images/N/N_2267.jpg,/kaggle/input/datasets/loliwibu/master-bisindo-v7/clean_hold_images/N/N_2267.jpg,test
13,N,2268,75.6,16,N_002,clean_hold_images/N/N_2268.jpg,/kaggle/input/datasets/loliwibu/master-bisindo-v7/clean_hold_images/N/N_2268.jpg,test
13,N,2269,75.63333333333334,17,N_002,clean_hold_images/N/N_2269.jpg,/kaggle/input/datasets/loliwibu/master-bisindo-v7/clean_hold_images/N/N_2269.jpg,test
14,O,2398,79.93333333333334,0,O_000,clean_hold_images/O/O_2398.jpg,/kaggle/input/datasets/loliwibu/master-bisindo-v7/clean_hold_images/O/O_2398.jpg,val
14,O,2399,79.96666666666667,1,O_000,clean_hold_images/O/O_2399.jpg,/kaggle/input/datasets/loliwibu/master-bisindo-v7/clean_hold_images/O/O_2399.jpg,val
14,O,2400,80.0,2,O_000,clean_hold_images/O/O_2400.jpg,/kaggle/input/datasets/loliwibu/master-bisindo-v7/clean_hold_images/O/O_2400.jpg,val
14,O,2401,80.03333333333333,3,O_000,clean_hold_images/O/O_2401.jpg,/kaggle/input/datasets/loliwibu/master-bisindo-v7/clean_hold_images/O/O_2401.jpg,val
14,O,2402,80.06666666666666,4,O_000,clean_hold_images/O/O_2402.jpg,/kaggle/input/datasets/loliwibu/master-bisindo-v7/clean_hold_images/O/O_2402.jpg,val
14,O,2403,80.1,5,O_000,clean_hold_images/O/O_2403.jpg,/kaggle/input/datasets/loliwibu/master-bisindo-v7/clean_hold_images/O/O_2403.jpg,val
14,O,2404,80.13333333333334,6,O_001,clean_hold_images/O/O_2404.jpg,/kaggle/input/datasets/loliwibu/master-bisindo-v7/clean_hold_images/O/O_2404.jpg,train
14,O,2405,80.16666666666667,7,O_001,clean_hold_images/O/O_2405.jpg,/kaggle/input/datasets/loliwibu/master-bisindo-v7/clean_hold_images/O/O_2405.jpg,train
14,O,2406,80.2,8,O_001,clean_hold_images/O/O_2406.jpg,/kaggle/input/datasets/loliwibu/master-bisindo-v7/clean_hold_images/O/O_2406.jpg,train
14,O,2407,80.23333333333333,9,O_001,clean_hold_images/O/O_2407.jpg,/kaggle/input/datasets/loliwibu/master-bisindo-v7/clean_hold_images/O/O_2407.jpg,train
14,O,2408,80.26666666666667,10,O_001,clean_hold_images/O/O_2408.jpg,/kaggle/input/datasets/loliwibu/master-bisindo-v7/clean_hold_images/O/O_2408.jpg,train
14,O,2409,80.3,11,O_001,clean_hold_images/O/O_2409.jpg,/kaggle/input/datasets/loliwibu/master-bisindo-v7/clean_hold_images/O/O_2409.jpg,train
14,O,2410,80.33333333333333,12,O_002,clean_hold_images/O/O_2410.jpg,/kaggle/input/datasets/loliwibu/master-bisindo-v7/clean_hold_images/O/O_2410.jpg,test
14,O,2411,80.36666666666666,13,O_002,clean_hold_images/O/O_2411.jpg,/kaggle/input/datasets/loliwibu/master-bisindo-v7/clean_hold_images/O/O_2411.jpg,test
14,O,2412,80.4,14,O_002,clean_hold_images/O/O_2412.jpg,/kaggle/input/datasets/loliwibu/master-bisindo-v7/clean_hold_images/O/O_2412.jpg,test
14,O,2413,80.43333333333334,15,O_002,clean_hold_images/O/O_2413.jpg,/kaggle/input/datasets/loliwibu/master-bisindo-v7/clean_hold_images/O/O_2413.jpg,test
14,O,2414,80.46666666666667,16,O_002,clean_hold_images/O/O_2414.jpg,/kaggle/input/datasets/loliwibu/master-bisindo-v7/clean_hold_images/O/O_2414.jpg,test
14,O,2415,80.5,17,O_002,clean_hold_images/O/O_2415.jpg,/kaggle/input/datasets/loliwibu/master-bisindo-v7/clean_hold_images/O/O_2415.jpg,test
15,P,2564,85.46666666666667,0,P_000,clean_hold_images/P/P_2564.jpg,/kaggle/input/datasets/loliwibu/master-bisindo-v7/clean_hold_images/P/P_2564.jpg,test
15,P,2565,85.5,1,P_000,clean_hold_images/P/P_2565.jpg,/kaggle/input/datasets/loliwibu/master-bisindo-v7/clean_hold_images/P/P_2565.jpg,test
15,P,2566,85.53333333333333,2,P_000,clean_hold_images/P/P_2566.jpg,/kaggle/input/datasets/loliwibu/master-bisindo-v7/clean_hold_images/P/P_2566.jpg,test
15,P,2567,85.56666666666666,3,P_000,clean_hold_images/P/P_2567.jpg,/kaggle/input/datasets/loliwibu/master-bisindo-v7/clean_hold_images/P/P_2567.jpg,test
15,P,2568,85.6,4,P_000,clean_hold_images/P/P_2568.jpg,/kaggle/input/datasets/loliwibu/master-bisindo-v7/clean_hold_images/P/P_2568.jpg,test
15,P,2569,85.63333333333334,5,P_000,clean_hold_images/P/P_2569.jpg,/kaggle/input/datasets/loliwibu/master-bisindo-v7/clean_hold_images/P/P_2569.jpg,test
15,P,2570,85.66666666666667,6,P_001,clean_hold_images/P/P_2570.jpg,/kaggle/input/datasets/loliwibu/master-bisindo-v7/clean_hold_images/P/P_2570.jpg,train
15,P,2571,85.7,7,P_001,clean_hold_images/P/P_2571.jpg,/kaggle/input/datasets/loliwibu/master-bisindo-v7/clean_hold_images/P/P_2571.jpg,train
15,P,2572,85.73333333333333,8,P_001,clean_hold_images/P/P_2572.jpg,/kaggle/input/datasets/loliwibu/master-bisindo-v7/clean_hold_images/P/P_2572.jpg,train
15,P,2573,85.76666666666667,9,P_001,clean_hold_images/P/P_2573.jpg,/kaggle/input/datasets/loliwibu/master-bisindo-v7/clean_hold_images/P/P_2573.jpg,train
15,P,2574,85.8,10,P_001,clean_hold_images/P/P_2574.jpg,/kaggle/input/datasets/loliwibu/master-bisindo-v7/clean_hold_images/P/P_2574.jpg,train
15,P,2575,85.83333333333333,11,P_001,clean_hold_images/P/P_2575.jpg,/kaggle/input/datasets/loliwibu/master-bisindo-v7/clean_hold_images/P/P_2575.jpg,train
15,P,2576,85.86666666666666,12,P_002,clean_hold_images/P/P_2576.jpg,/kaggle/input/datasets/loliwibu/master-bisindo-v7/clean_hold_images/P/P_2576.jpg,val
15,P,2577,85.9,13,P_002,clean_hold_images/P/P_2577.jpg,/kaggle/input/datasets/loliwibu/master-bisindo-v7/clean_hold_images/P/P_2577.jpg,val
15,P,2578,85.93333333333334,14,P_002,clean_hold_images/P/P_2578.jpg,/kaggle/input/datasets/loliwibu/master-bisindo-v7/clean_hold_images/P/P_2578.jpg,val
15,P,2579,85.96666666666667,15,P_002,clean_hold_images/P/P_2579.jpg,/kaggle/input/datasets/loliwibu/master-bisindo-v7/clean_hold_images/P/P_2579.jpg,val
15,P,2580,86.0,16,P_002,clean_hold_images/P/P_2580.jpg,/kaggle/input/datasets/loliwibu/master-bisindo-v7/clean_hold_images/P/P_2580.jpg,val
15,P,2581,86.03333333333333,17,P_002,clean_hold_images/P/P_2581.jpg,/kaggle/input/datasets/loliwibu/master-bisindo-v7/clean_hold_images/P/P_2581.jpg,val
16,Q,2764,92.13333333333334,0,Q_000,clean_hold_images/Q/Q_2764.jpg,/kaggle/input/datasets/loliwibu/master-bisindo-v7/clean_hold_images/Q/Q_2764.jpg,train
16,Q,2765,92.16666666666669,1,Q_000,clean_hold_images/Q/Q_2765.jpg,/kaggle/input/datasets/loliwibu/master-bisindo-v7/clean_hold_images/Q/Q_2765.jpg,train
16,Q,2766,92.2,2,Q_000,clean_hold_images/Q/Q_2766.jpg,/kaggle/input/datasets/loliwibu/master-bisindo-v7/clean_hold_images/Q/Q_2766.jpg,train
16,Q,2767,92.23333333333332,3,Q_000,clean_hold_images/Q/Q_2767.jpg,/kaggle/input/datasets/loliwibu/master-bisindo-v7/clean_hold_images/Q/Q_2767.jpg,train
16,Q,2768,92.26666666666668,4,Q_000,clean_hold_images/Q/Q_2768.jpg,/kaggle/input/datasets/loliwibu/master-bisindo-v7/clean_hold_images/Q/Q_2768.jpg,train
16,Q,2769,92.3,5,Q_000,clean_hold_images/Q/Q_2769.jpg,/kaggle/input/datasets/loliwibu/master-bisindo-v7/clean_hold_images/Q/Q_2769.jpg,train
16,Q,2770,92.33333333333331,6,Q_001,clean_hold_images/Q/Q_2770.jpg,/kaggle/input/datasets/loliwibu/master-bisindo-v7/clean_hold_images/Q/Q_2770.jpg,test
16,Q,2771,92.36666666666666,7,Q_001,clean_hold_images/Q/Q_2771.jpg,/kaggle/input/datasets/loliwibu/master-bisindo-v7/clean_hold_images/Q/Q_2771.jpg,test
16,Q,2772,92.4,8,Q_001,clean_hold_images/Q/Q_2772.jpg,/kaggle/input/datasets/loliwibu/master-bisindo-v7/clean_hold_images/Q/Q_2772.jpg,test
16,Q,2773,92.43333333333334,9,Q_001,clean_hold_images/Q/Q_2773.jpg,/kaggle/input/datasets/loliwibu/master-bisindo-v7/clean_hold_images/Q/Q_2773.jpg,test
16,Q,2774,92.46666666666668,10,Q_001,clean_hold_images/Q/Q_2774.jpg,/kaggle/input/datasets/loliwibu/master-bisindo-v7/clean_hold_images/Q/Q_2774.jpg,test
16,Q,2775,92.5,11,Q_001,clean_hold_images/Q/Q_2775.jpg,/kaggle/input/datasets/loliwibu/master-bisindo-v7/clean_hold_images/Q/Q_2775.jpg,test
16,Q,2776,92.53333333333332,12,Q_002,clean_hold_images/Q/Q_2776.jpg,/kaggle/input/datasets/loliwibu/master-bisindo-v7/clean_hold_images/Q/Q_2776.jpg,val
16,Q,2777,92.56666666666666,13,Q_002,clean_hold_images/Q/Q_2777.jpg,/kaggle/input/datasets/loliwibu/master-bisindo-v7/clean_hold_images/Q/Q_2777.jpg,val
16,Q,2778,92.6,14,Q_002,clean_hold_images/Q/Q_2778.jpg,/kaggle/input/datasets/loliwibu/master-bisindo-v7/clean_hold_images/Q/Q_2778.jpg,val
16,Q,2779,92.63333333333334,15,Q_002,clean_hold_images/Q/Q_2779.jpg,/kaggle/input/datasets/loliwibu/master-bisindo-v7/clean_hold_images/Q/Q_2779.jpg,val
16,Q,2780,92.66666666666669,16,Q_002,clean_hold_images/Q/Q_2780.jpg,/kaggle/input/datasets/loliwibu/master-bisindo-v7/clean_hold_images/Q/Q_2780.jpg,val
16,Q,2781,92.7,17,Q_002,clean_hold_images/Q/Q_2781.jpg,/kaggle/input/datasets/loliwibu/master-bisindo-v7/clean_hold_images/Q/Q_2781.jpg,val
17,R,2891,96.36666666666666,0,R_000,clean_hold_images/R/R_2891.jpg,/kaggle/input/datasets/loliwibu/master-bisindo-v7/clean_hold_images/R/R_2891.jpg,train
17,R,2892,96.4,1,R_000,clean_hold_images/R/R_2892.jpg,/kaggle/input/datasets/loliwibu/master-bisindo-v7/clean_hold_images/R/R_2892.jpg,train
17,R,2893,96.43333333333334,2,R_000,clean_hold_images/R/R_2893.jpg,/kaggle/input/datasets/loliwibu/master-bisindo-v7/clean_hold_images/R/R_2893.jpg,train
17,R,2894,96.46666666666668,3,R_000,clean_hold_images/R/R_2894.jpg,/kaggle/input/datasets/loliwibu/master-bisindo-v7/clean_hold_images/R/R_2894.jpg,train
17,R,2895,96.5,4,R_000,clean_hold_images/R/R_2895.jpg,/kaggle/input/datasets/loliwibu/master-bisindo-v7/clean_hold_images/R/R_2895.jpg,train
17,R,2896,96.53333333333332,5,R_000,clean_hold_images/R/R_2896.jpg,/kaggle/input/datasets/loliwibu/master-bisindo-v7/clean_hold_images/R/R_2896.jpg,train
17,R,2897,96.56666666666666,6,R_001,clean_hold_images/R/R_2897.jpg,/kaggle/input/datasets/loliwibu/master-bisindo-v7/clean_hold_images/R/R_2897.jpg,val
17,R,2898,96.6,7,R_001,clean_hold_images/R/R_2898.jpg,/kaggle/input/datasets/loliwibu/master-bisindo-v7/clean_hold_images/R/R_2898.jpg,val
17,R,2899,96.63333333333334,8,R_001,clean_hold_images/R/R_2899.jpg,/kaggle/input/datasets/loliwibu/master-bisindo-v7/clean_hold_images/R/R_2899.jpg,val
17,R,2900,96.66666666666669,9,R_001,clean_hold_images/R/R_2900.jpg,/kaggle/input/datasets/loliwibu/master-bisindo-v7/clean_hold_images/R/R_2900.jpg,val
17,R,2901,96.7,10,R_001,clean_hold_images/R/R_2901.jpg,/kaggle/input/datasets/loliwibu/master-bisindo-v7/clean_hold_images/R/R_2901.jpg,val
17,R,2902,96.73333333333332,11,R_001,clean_hold_images/R/R_2902.jpg,/kaggle/input/datasets/loliwibu/master-bisindo-v7/clean_hold_images/R/R_2902.jpg,val
17,R,2903,96.76666666666668,12,R_002,clean_hold_images/R/R_2903.jpg,/kaggle/input/datasets/loliwibu/master-bisindo-v7/clean_hold_images/R/R_2903.jpg,test
17,R,2904,96.8,13,R_002,clean_hold_images/R/R_2904.jpg,/kaggle/input/datasets/loliwibu/master-bisindo-v7/clean_hold_images/R/R_2904.jpg,test
17,R,2905,96.83333333333331,14,R_002,clean_hold_images/R/R_2905.jpg,/kaggle/input/datasets/loliwibu/master-bisindo-v7/clean_hold_images/R/R_2905.jpg,test
17,R,2906,96.86666666666666,15,R_002,clean_hold_images/R/R_2906.jpg,/kaggle/input/datasets/loliwibu/master-bisindo-v7/clean_hold_images/R/R_2906.jpg,test
17,R,2907,96.9,16,R_002,clean_hold_images/R/R_2907.jpg,/kaggle/input/datasets/loliwibu/master-bisindo-v7/clean_hold_images/R/R_2907.jpg,test
17,R,2908,96.93333333333334,17,R_002,clean_hold_images/R/R_2908.jpg,/kaggle/input/datasets/loliwibu/master-bisindo-v7/clean_hold_images/R/R_2908.jpg,test
18,S,3082,102.73333333333332,0,S_000,clean_hold_images/S/S_3082.jpg,/kaggle/input/datasets/loliwibu/master-bisindo-v7/clean_hold_images/S/S_3082.jpg,val
18,S,3083,102.76666666666668,1,S_000,clean_hold_images/S/S_3083.jpg,/kaggle/input/datasets/loliwibu/master-bisindo-v7/clean_hold_images/S/S_3083.jpg,val
18,S,3084,102.8,2,S_000,clean_hold_images/S/S_3084.jpg,/kaggle/input/datasets/loliwibu/master-bisindo-v7/clean_hold_images/S/S_3084.jpg,val
18,S,3085,102.83333333333331,3,S_000,clean_hold_images/S/S_3085.jpg,/kaggle/input/datasets/loliwibu/master-bisindo-v7/clean_hold_images/S/S_3085.jpg,val
18,S,3086,102.86666666666666,4,S_000,clean_hold_images/S/S_3086.jpg,/kaggle/input/datasets/loliwibu/master-bisindo-v7/clean_hold_images/S/S_3086.jpg,val
18,S,3087,102.9,5,S_000,clean_hold_images/S/S_3087.jpg,/kaggle/input/datasets/loliwibu/master-bisindo-v7/clean_hold_images/S/S_3087.jpg,val
18,S,3088,102.93333333333334,6,S_001,clean_hold_images/S/S_3088.jpg,/kaggle/input/datasets/loliwibu/master-bisindo-v7/clean_hold_images/S/S_3088.jpg,test
18,S,3089,102.96666666666668,7,S_001,clean_hold_images/S/S_3089.jpg,/kaggle/input/datasets/loliwibu/master-bisindo-v7/clean_hold_images/S/S_3089.jpg,test
18,S,3090,103.0,8,S_001,clean_hold_images/S/S_3090.jpg,/kaggle/input/datasets/loliwibu/master-bisindo-v7/clean_hold_images/S/S_3090.jpg,test
18,S,3091,103.03333333333332,9,S_001,clean_hold_images/S/S_3091.jpg,/kaggle/input/datasets/loliwibu/master-bisindo-v7/clean_hold_images/S/S_3091.jpg,test
18,S,3092,103.06666666666666,10,S_001,clean_hold_images/S/S_3092.jpg,/kaggle/input/datasets/loliwibu/master-bisindo-v7/clean_hold_images/S/S_3092.jpg,test
18,S,3093,103.1,11,S_001,clean_hold_images/S/S_3093.jpg,/kaggle/input/datasets/loliwibu/master-bisindo-v7/clean_hold_images/S/S_3093.jpg,test
18,S,3094,103.13333333333334,12,S_002,clean_hold_images/S/S_3094.jpg,/kaggle/input/datasets/loliwibu/master-bisindo-v7/clean_hold_images/S/S_3094.jpg,train
18,S,3095,103.16666666666669,13,S_002,clean_hold_images/S/S_3095.jpg,/kaggle/input/datasets/loliwibu/master-bisindo-v7/clean_hold_images/S/S_3095.jpg,train
18,S,3096,103.2,14,S_002,clean_hold_images/S/S_3096.jpg,/kaggle/input/datasets/loliwibu/master-bisindo-v7/clean_hold_images/S/S_3096.jpg,train
18,S,3097,103.23333333333332,15,S_002,clean_hold_images/S/S_3097.jpg,/kaggle/input/datasets/loliwibu/master-bisindo-v7/clean_hold_images/S/S_3097.jpg,train
18,S,3098,103.26666666666668,16,S_002,clean_hold_images/S/S_3098.jpg,/kaggle/input/datasets/loliwibu/master-bisindo-v7/clean_hold_images/S/S_3098.jpg,train
18,S,3099,103.3,17,S_002,clean_hold_images/S/S_3099.jpg,/kaggle/input/datasets/loliwibu/master-bisindo-v7/clean_hold_images/S/S_3099.jpg,train
19,T,3239,107.96666666666668,0,T_000,clean_hold_images/T/T_3239.jpg,/kaggle/input/datasets/loliwibu/master-bisindo-v7/clean_hold_images/T/T_3239.jpg,test
19,T,3240,108.0,1,T_000,clean_hold_images/T/T_3240.jpg,/kaggle/input/datasets/loliwibu/master-bisindo-v7/clean_hold_images/T/T_3240.jpg,test
19,T,3241,108.03333333333332,2,T_000,clean_hold_images/T/T_3241.jpg,/kaggle/input/datasets/loliwibu/master-bisindo-v7/clean_hold_images/T/T_3241.jpg,test
19,T,3242,108.06666666666666,3,T_000,clean_hold_images/T/T_3242.jpg,/kaggle/input/datasets/loliwibu/master-bisindo-v7/clean_hold_images/T/T_3242.jpg,test
19,T,3243,108.1,4,T_000,clean_hold_images/T/T_3243.jpg,/kaggle/input/datasets/loliwibu/master-bisindo-v7/clean_hold_images/T/T_3243.jpg,test
19,T,3244,108.13333333333334,5,T_000,clean_hold_images/T/T_3244.jpg,/kaggle/input/datasets/loliwibu/master-bisindo-v7/clean_hold_images/T/T_3244.jpg,test
19,T,3245,108.16666666666669,6,T_001,clean_hold_images/T/T_3245.jpg,/kaggle/input/datasets/loliwibu/master-bisindo-v7/clean_hold_images/T/T_3245.jpg,val
19,T,3246,108.2,7,T_001,clean_hold_images/T/T_3246.jpg,/kaggle/input/datasets/loliwibu/master-bisindo-v7/clean_hold_images/T/T_3246.jpg,val
19,T,3247,108.23333333333332,8,T_001,clean_hold_images/T/T_3247.jpg,/kaggle/input/datasets/loliwibu/master-bisindo-v7/clean_hold_images/T/T_3247.jpg,val
19,T,3248,108.26666666666668,9,T_001,clean_hold_images/T/T_3248.jpg,/kaggle/input/datasets/loliwibu/master-bisindo-v7/clean_hold_images/T/T_3248.jpg,val
19,T,3249,108.3,10,T_001,clean_hold_images/T/T_3249.jpg,/kaggle/input/datasets/loliwibu/master-bisindo-v7/clean_hold_images/T/T_3249.jpg,val
19,T,3250,108.33333333333331,11,T_001,clean_hold_images/T/T_3250.jpg,/kaggle/input/datasets/loliwibu/master-bisindo-v7/clean_hold_images/T/T_3250.jpg,val
19,T,3251,108.36666666666666,12,T_002,clean_hold_images/T/T_3251.jpg,/kaggle/input/datasets/loliwibu/master-bisindo-v7/clean_hold_images/T/T_3251.jpg,train
19,T,3252,108.4,13,T_002,clean_hold_images/T/T_3252.jpg,/kaggle/input/datasets/loliwibu/master-bisindo-v7/clean_hold_images/T/T_3252.jpg,train
19,T,3253,108.43333333333334,14,T_002,clean_hold_images/T/T_3253.jpg,/kaggle/input/datasets/loliwibu/master-bisindo-v7/clean_hold_images/T/T_3253.jpg,train
19,T,3254,108.46666666666668,15,T_002,clean_hold_images/T/T_3254.jpg,/kaggle/input/datasets/loliwibu/master-bisindo-v7/clean_hold_images/T/T_3254.jpg,train
19,T,3255,108.5,16,T_002,clean_hold_images/T/T_3255.jpg,/kaggle/input/datasets/loliwibu/master-bisindo-v7/clean_hold_images/T/T_3255.jpg,train
19,T,3256,108.53333333333332,17,T_002,clean_hold_images/T/T_3256.jpg,/kaggle/input/datasets/loliwibu/master-bisindo-v7/clean_hold_images/T/T_3256.jpg,train
20,U,3463,115.43333333333334,0,U_000,clean_hold_images/U/U_3463.jpg,/kaggle/input/datasets/loliwibu/master-bisindo-v7/clean_hold_images/U/U_3463.jpg,test
20,U,3464,115.46666666666668,1,U_000,clean_hold_images/U/U_3464.jpg,/kaggle/input/datasets/loliwibu/master-bisindo-v7/clean_hold_images/U/U_3464.jpg,test
20,U,3465,115.5,2,U_000,clean_hold_images/U/U_3465.jpg,/kaggle/input/datasets/loliwibu/master-bisindo-v7/clean_hold_images/U/U_3465.jpg,test
20,U,3466,115.53333333333332,3,U_000,clean_hold_images/U/U_3466.jpg,/kaggle/input/datasets/loliwibu/master-bisindo-v7/clean_hold_images/U/U_3466.jpg,test
20,U,3467,115.56666666666666,4,U_000,clean_hold_images/U/U_3467.jpg,/kaggle/input/datasets/loliwibu/master-bisindo-v7/clean_hold_images/U/U_3467.jpg,test
20,U,3468,115.6,5,U_000,clean_hold_images/U/U_3468.jpg,/kaggle/input/datasets/loliwibu/master-bisindo-v7/clean_hold_images/U/U_3468.jpg,test
20,U,3469,115.63333333333334,6,U_001,clean_hold_images/U/U_3469.jpg,/kaggle/input/datasets/loliwibu/master-bisindo-v7/clean_hold_images/U/U_3469.jpg,train
20,U,3470,115.66666666666669,7,U_001,clean_hold_images/U/U_3470.jpg,/kaggle/input/datasets/loliwibu/master-bisindo-v7/clean_hold_images/U/U_3470.jpg,train
20,U,3471,115.7,8,U_001,clean_hold_images/U/U_3471.jpg,/kaggle/input/datasets/loliwibu/master-bisindo-v7/clean_hold_images/U/U_3471.jpg,train
20,U,3472,115.73333333333332,9,U_001,clean_hold_images/U/U_3472.jpg,/kaggle/input/datasets/loliwibu/master-bisindo-v7/clean_hold_images/U/U_3472.jpg,train
20,U,3473,115.76666666666668,10,U_001,clean_hold_images/U/U_3473.jpg,/kaggle/input/datasets/loliwibu/master-bisindo-v7/clean_hold_images/U/U_3473.jpg,train
20,U,3474,115.8,11,U_001,clean_hold_images/U/U_3474.jpg,/kaggle/input/datasets/loliwibu/master-bisindo-v7/clean_hold_images/U/U_3474.jpg,train
20,U,3475,115.83333333333331,12,U_002,clean_hold_images/U/U_3475.jpg,/kaggle/input/datasets/loliwibu/master-bisindo-v7/clean_hold_images/U/U_3475.jpg,val
20,U,3476,115.86666666666666,13,U_002,clean_hold_images/U/U_3476.jpg,/kaggle/input/datasets/loliwibu/master-bisindo-v7/clean_hold_images/U/U_3476.jpg,val
20,U,3477,115.9,14,U_002,clean_hold_images/U/U_3477.jpg,/kaggle/input/datasets/loliwibu/master-bisindo-v7/clean_hold_images/U/U_3477.jpg,val
20,U,3478,115.93333333333334,15,U_002,clean_hold_images/U/U_3478.jpg,/kaggle/input/datasets/loliwibu/master-bisindo-v7/clean_hold_images/U/U_3478.jpg,val
20,U,3479,115.96666666666668,16,U_002,clean_hold_images/U/U_3479.jpg,/kaggle/input/datasets/loliwibu/master-bisindo-v7/clean_hold_images/U/U_3479.jpg,val
20,U,3480,116.0,17,U_002,clean_hold_images/U/U_3480.jpg,/kaggle/input/datasets/loliwibu/master-bisindo-v7/clean_hold_images/U/U_3480.jpg,val
21,V,3579,119.3,0,V_000,clean_hold_images/V/V_3579.jpg,/kaggle/input/datasets/loliwibu/master-bisindo-v7/clean_hold_images/V/V_3579.jpg,train
21,V,3580,119.33333333333331,1,V_000,clean_hold_images/V/V_3580.jpg,/kaggle/input/datasets/loliwibu/master-bisindo-v7/clean_hold_images/V/V_3580.jpg,train
21,V,3581,119.36666666666666,2,V_000,clean_hold_images/V/V_3581.jpg,/kaggle/input/datasets/loliwibu/master-bisindo-v7/clean_hold_images/V/V_3581.jpg,train
21,V,3582,119.4,3,V_000,clean_hold_images/V/V_3582.jpg,/kaggle/input/datasets/loliwibu/master-bisindo-v7/clean_hold_images/V/V_3582.jpg,train
21,V,3583,119.43333333333334,4,V_000,clean_hold_images/V/V_3583.jpg,/kaggle/input/datasets/loliwibu/master-bisindo-v7/clean_hold_images/V/V_3583.jpg,train
21,V,3584,119.46666666666668,5,V_000,clean_hold_images/V/V_3584.jpg,/kaggle/input/datasets/loliwibu/master-bisindo-v7/clean_hold_images/V/V_3584.jpg,train
21,V,3585,119.5,6,V_001,clean_hold_images/V/V_3585.jpg,/kaggle/input/datasets/loliwibu/master-bisindo-v7/clean_hold_images/V/V_3585.jpg,test
21,V,3586,119.53333333333332,7,V_001,clean_hold_images/V/V_3586.jpg,/kaggle/input/datasets/loliwibu/master-bisindo-v7/clean_hold_images/V/V_3586.jpg,test
21,V,3587,119.56666666666666,8,V_001,clean_hold_images/V/V_3587.jpg,/kaggle/input/datasets/loliwibu/master-bisindo-v7/clean_hold_images/V/V_3587.jpg,test
21,V,3588,119.6,9,V_001,clean_hold_images/V/V_3588.jpg,/kaggle/input/datasets/loliwibu/master-bisindo-v7/clean_hold_images/V/V_3588.jpg,test
21,V,3589,119.63333333333334,10,V_001,clean_hold_images/V/V_3589.jpg,/kaggle/input/datasets/loliwibu/master-bisindo-v7/clean_hold_images/V/V_3589.jpg,test
21,V,3590,119.66666666666669,11,V_001,clean_hold_images/V/V_3590.jpg,/kaggle/input/datasets/loliwibu/master-bisindo-v7/clean_hold_images/V/V_3590.jpg,test
21,V,3591,119.7,12,V_002,clean_hold_images/V/V_3591.jpg,/kaggle/input/datasets/loliwibu/master-bisindo-v7/clean_hold_images/V/V_3591.jpg,val
21,V,3592,119.73333333333332,13,V_002,clean_hold_images/V/V_3592.jpg,/kaggle/input/datasets/loliwibu/master-bisindo-v7/clean_hold_images/V/V_3592.jpg,val
21,V,3593,119.76666666666668,14,V_002,clean_hold_images/V/V_3593.jpg,/kaggle/input/datasets/loliwibu/master-bisindo-v7/clean_hold_images/V/V_3593.jpg,val
21,V,3594,119.8,15,V_002,clean_hold_images/V/V_3594.jpg,/kaggle/input/datasets/loliwibu/master-bisindo-v7/clean_hold_images/V/V_3594.jpg,val
21,V,3595,119.83333333333331,16,V_002,clean_hold_images/V/V_3595.jpg,/kaggle/input/datasets/loliwibu/master-bisindo-v7/clean_hold_images/V/V_3595.jpg,val
21,V,3596,119.86666666666666,17,V_002,clean_hold_images/V/V_3596.jpg,/kaggle/input/datasets/loliwibu/master-bisindo-v7/clean_hold_images/V/V_3596.jpg,val
22,W,3743,124.76666666666668,0,W_000,clean_hold_images/W/W_3743.jpg,/kaggle/input/datasets/loliwibu/master-bisindo-v7/clean_hold_images/W/W_3743.jpg,test
22,W,3744,124.8,1,W_000,clean_hold_images/W/W_3744.jpg,/kaggle/input/datasets/loliwibu/master-bisindo-v7/clean_hold_images/W/W_3744.jpg,test
22,W,3745,124.83333333333331,2,W_000,clean_hold_images/W/W_3745.jpg,/kaggle/input/datasets/loliwibu/master-bisindo-v7/clean_hold_images/W/W_3745.jpg,test
22,W,3746,124.86666666666666,3,W_000,clean_hold_images/W/W_3746.jpg,/kaggle/input/datasets/loliwibu/master-bisindo-v7/clean_hold_images/W/W_3746.jpg,test
22,W,3747,124.9,4,W_000,clean_hold_images/W/W_3747.jpg,/kaggle/input/datasets/loliwibu/master-bisindo-v7/clean_hold_images/W/W_3747.jpg,test
22,W,3748,124.93333333333334,5,W_000,clean_hold_images/W/W_3748.jpg,/kaggle/input/datasets/loliwibu/master-bisindo-v7/clean_hold_images/W/W_3748.jpg,test
22,W,3749,124.96666666666668,6,W_001,clean_hold_images/W/W_3749.jpg,/kaggle/input/datasets/loliwibu/master-bisindo-v7/clean_hold_images/W/W_3749.jpg,train
22,W,3750,125.0,7,W_001,clean_hold_images/W/W_3750.jpg,/kaggle/input/datasets/loliwibu/master-bisindo-v7/clean_hold_images/W/W_3750.jpg,train
22,W,3751,125.03333333333332,8,W_001,clean_hold_images/W/W_3751.jpg,/kaggle/input/datasets/loliwibu/master-bisindo-v7/clean_hold_images/W/W_3751.jpg,train
22,W,3752,125.06666666666666,9,W_001,clean_hold_images/W/W_3752.jpg,/kaggle/input/datasets/loliwibu/master-bisindo-v7/clean_hold_images/W/W_3752.jpg,train
22,W,3753,125.1,10,W_001,clean_hold_images/W/W_3753.jpg,/kaggle/input/datasets/loliwibu/master-bisindo-v7/clean_hold_images/W/W_3753.jpg,train
22,W,3754,125.13333333333334,11,W_001,clean_hold_images/W/W_3754.jpg,/kaggle/input/datasets/loliwibu/master-bisindo-v7/clean_hold_images/W/W_3754.jpg,train
22,W,3755,125.16666666666669,12,W_002,clean_hold_images/W/W_3755.jpg,/kaggle/input/datasets/loliwibu/master-bisindo-v7/clean_hold_images/W/W_3755.jpg,val
22,W,3756,125.2,13,W_002,clean_hold_images/W/W_3756.jpg,/kaggle/input/datasets/loliwibu/master-bisindo-v7/clean_hold_images/W/W_3756.jpg,val
22,W,3757,125.23333333333332,14,W_002,clean_hold_images/W/W_3757.jpg,/kaggle/input/datasets/loliwibu/master-bisindo-v7/clean_hold_images/W/W_3757.jpg,val
22,W,3758,125.26666666666668,15,W_002,clean_hold_images/W/W_3758.jpg,/kaggle/input/datasets/loliwibu/master-bisindo-v7/clean_hold_images/W/W_3758.jpg,val
22,W,3759,125.3,16,W_002,clean_hold_images/W/W_3759.jpg,/kaggle/input/datasets/loliwibu/master-bisindo-v7/clean_hold_images/W/W_3759.jpg,val
22,W,3760,125.33333333333331,17,W_002,clean_hold_images/W/W_3760.jpg,/kaggle/input/datasets/loliwibu/master-bisindo-v7/clean_hold_images/W/W_3760.jpg,val
23,X,3957,131.9,0,X_000,clean_hold_images/X/X_3957.jpg,/kaggle/input/datasets/loliwibu/master-bisindo-v7/clean_hold_images/X/X_3957.jpg,test
23,X,3958,131.93333333333334,1,X_000,clean_hold_images/X/X_3958.jpg,/kaggle/input/datasets/loliwibu/master-bisindo-v7/clean_hold_images/X/X_3958.jpg,test
23,X,3959,131.96666666666667,2,X_000,clean_hold_images/X/X_3959.jpg,/kaggle/input/datasets/loliwibu/master-bisindo-v7/clean_hold_images/X/X_3959.jpg,test
23,X,3960,132.0,3,X_000,clean_hold_images/X/X_3960.jpg,/kaggle/input/datasets/loliwibu/master-bisindo-v7/clean_hold_images/X/X_3960.jpg,test
23,X,3961,132.03333333333333,4,X_000,clean_hold_images/X/X_3961.jpg,/kaggle/input/datasets/loliwibu/master-bisindo-v7/clean_hold_images/X/X_3961.jpg,test
23,X,3962,132.06666666666666,5,X_000,clean_hold_images/X/X_3962.jpg,/kaggle/input/datasets/loliwibu/master-bisindo-v7/clean_hold_images/X/X_3962.jpg,test
23,X,3963,132.1,6,X_001,clean_hold_images/X/X_3963.jpg,/kaggle/input/datasets/loliwibu/master-bisindo-v7/clean_hold_images/X/X_3963.jpg,train
23,X,3964,132.13333333333333,7,X_001,clean_hold_images/X/X_3964.jpg,/kaggle/input/datasets/loliwibu/master-bisindo-v7/clean_hold_images/X/X_3964.jpg,train
23,X,3965,132.16666666666666,8,X_001,clean_hold_images/X/X_3965.jpg,/kaggle/input/datasets/loliwibu/master-bisindo-v7/clean_hold_images/X/X_3965.jpg,train
23,X,3966,132.2,9,X_001,clean_hold_images/X/X_3966.jpg,/kaggle/input/datasets/loliwibu/master-bisindo-v7/clean_hold_images/X/X_3966.jpg,train
23,X,3967,132.23333333333332,10,X_001,clean_hold_images/X/X_3967.jpg,/kaggle/input/datasets/loliwibu/master-bisindo-v7/clean_hold_images/X/X_3967.jpg,train
23,X,3968,132.26666666666668,11,X_001,clean_hold_images/X/X_3968.jpg,/kaggle/input/datasets/loliwibu/master-bisindo-v7/clean_hold_images/X/X_3968.jpg,train
23,X,3969,132.3,12,X_002,clean_hold_images/X/X_3969.jpg,/kaggle/input/datasets/loliwibu/master-bisindo-v7/clean_hold_images/X/X_3969.jpg,val
23,X,3970,132.33333333333334,13,X_002,clean_hold_images/X/X_3970.jpg,/kaggle/input/datasets/loliwibu/master-bisindo-v7/clean_hold_images/X/X_3970.jpg,val
23,X,3971,132.36666666666667,14,X_002,clean_hold_images/X/X_3971.jpg,/kaggle/input/datasets/loliwibu/master-bisindo-v7/clean_hold_images/X/X_3971.jpg,val
23,X,3972,132.4,15,X_002,clean_hold_images/X/X_3972.jpg,/kaggle/input/datasets/loliwibu/master-bisindo-v7/clean_hold_images/X/X_3972.jpg,val
23,X,3973,132.43333333333334,16,X_002,clean_hold_images/X/X_3973.jpg,/kaggle/input/datasets/loliwibu/master-bisindo-v7/clean_hold_images/X/X_3973.jpg,val
23,X,3974,132.46666666666667,17,X_002,clean_hold_images/X/X_3974.jpg,/kaggle/input/datasets/loliwibu/master-bisindo-v7/clean_hold_images/X/X_3974.jpg,val
24,Y,4111,137.03333333333333,0,Y_000,clean_hold_images/Y/Y_4111.jpg,/kaggle/input/datasets/loliwibu/master-bisindo-v7/clean_hold_images/Y/Y_4111.jpg,train
24,Y,4112,137.06666666666666,1,Y_000,clean_hold_images/Y/Y_4112.jpg,/kaggle/input/datasets/loliwibu/master-bisindo-v7/clean_hold_images/Y/Y_4112.jpg,train
24,Y,4113,137.1,2,Y_000,clean_hold_images/Y/Y_4113.jpg,/kaggle/input/datasets/loliwibu/master-bisindo-v7/clean_hold_images/Y/Y_4113.jpg,train
24,Y,4114,137.13333333333333,3,Y_000,clean_hold_images/Y/Y_4114.jpg,/kaggle/input/datasets/loliwibu/master-bisindo-v7/clean_hold_images/Y/Y_4114.jpg,train
24,Y,4115,137.16666666666666,4,Y_000,clean_hold_images/Y/Y_4115.jpg,/kaggle/input/datasets/loliwibu/master-bisindo-v7/clean_hold_images/Y/Y_4115.jpg,train
24,Y,4116,137.2,5,Y_000,clean_hold_images/Y/Y_4116.jpg,/kaggle/input/datasets/loliwibu/master-bisindo-v7/clean_hold_images/Y/Y_4116.jpg,train
24,Y,4117,137.23333333333332,6,Y_001,clean_hold_images/Y/Y_4117.jpg,/kaggle/input/datasets/loliwibu/master-bisindo-v7/clean_hold_images/Y/Y_4117.jpg,val
24,Y,4118,137.26666666666668,7,Y_001,clean_hold_images/Y/Y_4118.jpg,/kaggle/input/datasets/loliwibu/master-bisindo-v7/clean_hold_images/Y/Y_4118.jpg,val
24,Y,4119,137.3,8,Y_001,clean_hold_images/Y/Y_4119.jpg,/kaggle/input/datasets/loliwibu/master-bisindo-v7/clean_hold_images/Y/Y_4119.jpg,val
24,Y,4120,137.33333333333334,9,Y_001,clean_hold_images/Y/Y_4120.jpg,/kaggle/input/datasets/loliwibu/master-bisindo-v7/clean_hold_images/Y/Y_4120.jpg,val
24,Y,4121,137.36666666666667,10,Y_001,clean_hold_images/Y/Y_4121.jpg,/kaggle/input/datasets/loliwibu/master-bisindo-v7/clean_hold_images/Y/Y_4121.jpg,val
24,Y,4122,137.4,11,Y_001,clean_hold_images/Y/Y_4122.jpg,/kaggle/input/datasets/loliwibu/master-bisindo-v7/clean_hold_images/Y/Y_4122.jpg,val
24,Y,4123,137.43333333333334,12,Y_002,clean_hold_images/Y/Y_4123.jpg,/kaggle/input/datasets/loliwibu/master-bisindo-v7/clean_hold_images/Y/Y_4123.jpg,test
24,Y,4124,137.46666666666667,13,Y_002,clean_hold_images/Y/Y_4124.jpg,/kaggle/input/datasets/loliwibu/master-bisindo-v7/clean_hold_images/Y/Y_4124.jpg,test
24,Y,4125,137.5,14,Y_002,clean_hold_images/Y/Y_4125.jpg,/kaggle/input/datasets/loliwibu/master-bisindo-v7/clean_hold_images/Y/Y_4125.jpg,test
24,Y,4126,137.53333333333333,15,Y_002,clean_hold_images/Y/Y_4126.jpg,/kaggle/input/datasets/loliwibu/master-bisindo-v7/clean_hold_images/Y/Y_4126.jpg,test
24,Y,4127,137.56666666666666,16,Y_002,clean_hold_images/Y/Y_4127.jpg,/kaggle/input/datasets/loliwibu/master-bisindo-v7/clean_hold_images/Y/Y_4127.jpg,test
24,Y,4128,137.6,17,Y_002,clean_hold_images/Y/Y_4128.jpg,/kaggle/input/datasets/loliwibu/master-bisindo-v7/clean_hold_images/Y/Y_4128.jpg,test
25,Z,4269,142.3,0,Z_000,clean_hold_images/Z/Z_4269.jpg,/kaggle/input/datasets/loliwibu/master-bisindo-v7/clean_hold_images/Z/Z_4269.jpg,train
25,Z,4270,142.33333333333334,1,Z_000,clean_hold_images/Z/Z_4270.jpg,/kaggle/input/datasets/loliwibu/master-bisindo-v7/clean_hold_images/Z/Z_4270.jpg,train
25,Z,4271,142.36666666666667,2,Z_000,clean_hold_images/Z/Z_4271.jpg,/kaggle/input/datasets/loliwibu/master-bisindo-v7/clean_hold_images/Z/Z_4271.jpg,train
25,Z,4272,142.4,3,Z_000,clean_hold_images/Z/Z_4272.jpg,/kaggle/input/datasets/loliwibu/master-bisindo-v7/clean_hold_images/Z/Z_4272.jpg,train
25,Z,4273,142.43333333333334,4,Z_000,clean_hold_images/Z/Z_4273.jpg,/kaggle/input/datasets/loliwibu/master-bisindo-v7/clean_hold_images/Z/Z_4273.jpg,train
25,Z,4274,142.46666666666667,5,Z_000,clean_hold_images/Z/Z_4274.jpg,/kaggle/input/datasets/loliwibu/master-bisindo-v7/clean_hold_images/Z/Z_4274.jpg,train
25,Z,4275,142.5,6,Z_001,clean_hold_images/Z/Z_4275.jpg,/kaggle/input/datasets/loliwibu/master-bisindo-v7/clean_hold_images/Z/Z_4275.jpg,val
25,Z,4276,142.53333333333333,7,Z_001,clean_hold_images/Z/Z_4276.jpg,/kaggle/input/datasets/loliwibu/master-bisindo-v7/clean_hold_images/Z/Z_4276.jpg,val
25,Z,4277,142.56666666666666,8,Z_001,clean_hold_images/Z/Z_4277.jpg,/kaggle/input/datasets/loliwibu/master-bisindo-v7/clean_hold_images/Z/Z_4277.jpg,val
25,Z,4278,142.6,9,Z_001,clean_hold_images/Z/Z_4278.jpg,/kaggle/input/datasets/loliwibu/master-bisindo-v7/clean_hold_images/Z/Z_4278.jpg,val
25,Z,4279,142.63333333333333,10,Z_001,clean_hold_images/Z/Z_4279.jpg,/kaggle/input/datasets/loliwibu/master-bisindo-v7/clean_hold_images/Z/Z_4279.jpg,val
25,Z,4280,142.66666666666666,11,Z_001,clean_hold_images/Z/Z_4280.jpg,/kaggle/input/datasets/loliwibu/master-bisindo-v7/clean_hold_images/Z/Z_4280.jpg,val
25,Z,4281,142.7,12,Z_002,clean_hold_images/Z/Z_4281.jpg,/kaggle/input/datasets/loliwibu/master-bisindo-v7/clean_hold_images/Z/Z_4281.jpg,test
25,Z,4282,142.73333333333332,13,Z_002,clean_hold_images/Z/Z_4282.jpg,/kaggle/input/datasets/loliwibu/master-bisindo-v7/clean_hold_images/Z/Z_4282.jpg,test
25,Z,4283,142.76666666666668,14,Z_002,clean_hold_images/Z/Z_4283.jpg,/kaggle/input/datasets/loliwibu/master-bisindo-v7/clean_hold_images/Z/Z_4283.jpg,test
25,Z,4284,142.8,15,Z_002,clean_hold_images/Z/Z_4284.jpg,/kaggle/input/datasets/loliwibu/master-bisindo-v7/clean_hold_images/Z/Z_4284.jpg,test
25,Z,4285,142.83333333333334,16,Z_002,clean_hold_images/Z/Z_4285.jpg,/kaggle/input/datasets/loliwibu/master-bisindo-v7/clean_hold_images/Z/Z_4285.jpg,test
25,Z,4286,142.86666666666667,17,Z_002,clean_hold_images/Z/Z_4286.jpg,/kaggle/input/datasets/loliwibu/master-bisindo-v7/clean_hold_images/Z/Z_4286.jpg,test
